waterbody_id,lake_id,caption,url
2129,wb2129,Medly River culvert,https://mywildalberta.ca/fishing/fish-stocking/fsm-images/Medley%20River/Medly%20River%20culvert.jpg
2129,wb2129,Medly River golden grass and clear water,https://mywildalberta.ca/fishing/fish-stocking/fsm-images/Medley%20River/Medly%20River%20golden%20grass%20and%20clear%20water.jpg
3476,wb3476,Grotto Pond highway view,https://mywildalberta.ca/fishing/fish-stocking/fsm-images/Grotto%20Mountain%20Pond/Grotto%20Pond%20highway%20view.JPG
3476,wb3476,Grotto Pond moutian view,https://mywildalberta.ca/fishing/fish-stocking/fsm-images/Grotto%20Mountain%20Pond/Grotto%20Pond%20moutian%20view.jpg
3476,wb3476,Grotto Pond tree side view,https://mywildalberta.ca/fishing/fish-stocking/fsm-images/Grotto%20Mountain%20Pond/Grotto%20Pond%20tree%20side%20view.JPG
3479,wb3479,Lambert Pond on a cloudy day,https://mywildalberta.ca/fishing/fish-stocking/fsm-images/Lambert%20Pond/Lambert%20Pond%20on%20a%20cloudy%20day.JPG
3479,wb3479,Lambert pond on a cloudy day opposite view,https://mywildalberta.ca/fishing/fish-stocking/fsm-images/Lambert%20Pond/Lambert%20pond%20on%20a%20cloudy%20day%20opposite%20view.JPG
3482,wb3482,Mt Lorette Pond,https://mywildalberta.ca/fishing/fish-stocking/fsm-images/Mount%20Lorette%20Ponds/Mt%20Lorette%20Pond.JPG
3482,wb3482,mt Lorrette pond moutian view,https://mywildalberta.ca/fishing/fish-stocking/fsm-images/Mount%20Lorette%20Ponds/mt%20Lorrette%20pond%20moutian%20view.JPG
3482,wb3482,mt. lorette pond water and walk path,https://mywildalberta.ca/fishing/fish-stocking/fsm-images/Mount%20Lorette%20Ponds/mt.%20lorette%20pond%20water%20and%20walk%20path.jpg
3482,wb3482,mt.lorette clear blue water,https://mywildalberta.ca/fishing/fish-stocking/fsm-images/Mount%20Lorette%20Ponds/mt.lorette%20clear%20blue%20water.jpg
3485,wb3485,Attraction,https://mywildalberta.ca/fishing/fish-stocking/fsm-images/Rocky%20Children's%20Pond/Attraction.jpg
3485,wb3485,Day Use Area,https://mywildalberta.ca/fishing/fish-stocking/fsm-images/Rocky%20Children's%20Pond/Day%20Use%20Area.jpg
3485,wb3485,Dock,https://mywildalberta.ca/fishing/fish-stocking/fsm-images/Rocky%20Children's%20Pond/Dock.jpg
3485,wb3485,Information Sign,https://mywildalberta.ca/fishing/fish-stocking/fsm-images/Rocky%20Children's%20Pond/Information%20Sign.jpg
3485,wb3485,Rocky Children's Pond (1),https://mywildalberta.ca/fishing/fish-stocking/fsm-images/Rocky%20Children's%20Pond/Rocky%20Children's%20Pond%20(1).JPG
3485,wb3485,Rocky Children's Pond (2),https://mywildalberta.ca/fishing/fish-stocking/fsm-images/Rocky%20Children's%20Pond/Rocky%20Children's%20Pond%20(2).JPG
3485,wb3485,Rocky Children's Pond (3),https://mywildalberta.ca/fishing/fish-stocking/fsm-images/Rocky%20Children's%20Pond/Rocky%20Children's%20Pond%20(3).JPG
3485,wb3485,Rocky Children's Pond (4),https://mywildalberta.ca/fishing/fish-stocking/fsm-images/Rocky%20Children's%20Pond/Rocky%20Children's%20Pond%20(4).JPG
3485,wb3485,Submerged Dock,https://mywildalberta.ca/fishing/fish-stocking/fsm-images/Rocky%20Children's%20Pond/Submerged%20Dock.jpg
3485,wb3485,View from Bridge,https://mywildalberta.ca/fishing/fish-stocking/fsm-images/Rocky%20Children's%20Pond/View%20from%20Bridge.jpg
3485,wb3485,View from Bridge (2),https://mywildalberta.ca/fishing/fish-stocking/fsm-images/Rocky%20Children's%20Pond/View%20from%20Bridge%20(2).jpg
3485,wb3485,View from Bridge (3),https://mywildalberta.ca/fishing/fish-stocking/fsm-images/Rocky%20Children's%20Pond/View%20from%20Bridge%20(3).jpg
3485,wb3485,View from Bridge (4),https://mywildalberta.ca/fishing/fish-stocking/fsm-images/Rocky%20Children's%20Pond/View%20from%20Bridge%20(4).jpg
3485,wb3485,View from Bridge (5),https://mywildalberta.ca/fishing/fish-stocking/fsm-images/Rocky%20Children's%20Pond/View%20from%20Bridge%20(5).jpg
3485,wb3485,View from Shore,https://mywildalberta.ca/fishing/fish-stocking/fsm-images/Rocky%20Children's%20Pond/View%20from%20Shore.jpg
3485,wb3485,View from far side of Pond,https://mywildalberta.ca/fishing/fish-stocking/fsm-images/Rocky%20Children's%20Pond/View%20from%20far%20side%20of%20Pond.jpg
3485,wb3485,Washroom Facilities,https://mywildalberta.ca/fishing/fish-stocking/fsm-images/Rocky%20Children's%20Pond/Washroom%20Facilities.jpg
3486,wb3486,Sibbald Meadows Pond,https://mywildalberta.ca/fishing/fish-stocking/fsm-images/Sibbald%20Meadows%20Pond/Sibbald%20Meadows%20Pond.JPG
3494,wb3494,BIR winter ice,https://mywildalberta.ca/fishing/fish-stocking/fsm-images/Blood%20Indian%20Creek%20Reservoir/BIR%20winter%20ice.jpg
3494,wb3494,Blood Indian  Reservoir Carp,https://mywildalberta.ca/fishing/fish-stocking/fsm-images/Blood%20Indian%20Creek%20Reservoir/Blood%20Indian%20%20Reservoir%20Carp.JPG
3494,wb3494,Blood Indian Reservoir,https://mywildalberta.ca/fishing/fish-stocking/fsm-images/Blood%20Indian%20Creek%20Reservoir/Blood%20Indian%20Reservoir.jpg
3494,wb3494,Blood Indian Reservoir Windy Point,https://mywildalberta.ca/fishing/fish-stocking/fsm-images/Blood%20Indian%20Creek%20Reservoir/Blood%20Indian%20Reservoir%20Windy%20Point.jpg
3494,wb3494,Blood Indian Reservoir boat on shore,https://mywildalberta.ca/fishing/fish-stocking/fsm-images/Blood%20Indian%20Creek%20Reservoir/Blood%20Indian%20Reservoir%20boat%20on%20shore.JPG
3494,wb3494,Blood Indian Reservoir camp ground,https://mywildalberta.ca/fishing/fish-stocking/fsm-images/Blood%20Indian%20Creek%20Reservoir/Blood%20Indian%20Reservoir%20camp%20ground.jpg
3494,wb3494,Blood Indian Reservoir east shore from main camp,https://mywildalberta.ca/fishing/fish-stocking/fsm-images/Blood%20Indian%20Creek%20Reservoir/Blood%20Indian%20Reservoir%20east%20shore%20from%20main%20camp.jpg
3494,wb3494,Blood Indian Reservoir looking onto the water from campsite,https://mywildalberta.ca/fishing/fish-stocking/fsm-images/Blood%20Indian%20Creek%20Reservoir/Blood%20Indian%20Reservoir%20looking%20onto%20the%20water%20from%20campsite.JPG
3494,wb3494,Blood Indian Reservoir looking over water,https://mywildalberta.ca/fishing/fish-stocking/fsm-images/Blood%20Indian%20Creek%20Reservoir/Blood%20Indian%20Reservoir%20looking%20over%20water.JPG
3494,wb3494,Blood Indian Reservoir roadway and water,https://mywildalberta.ca/fishing/fish-stocking/fsm-images/Blood%20Indian%20Creek%20Reservoir/Blood%20Indian%20Reservoir%20roadway%20and%20water.JPG
3494,wb3494,Blood Indian reservoir south west of entrance and shop,https://mywildalberta.ca/fishing/fish-stocking/fsm-images/Blood%20Indian%20Creek%20Reservoir/Blood%20Indian%20reservoir%20south%20west%20of%20entrance%20and%20shop.JPG
3494,wb3494,Creek inflow near culvert reservoir side,https://mywildalberta.ca/fishing/fish-stocking/fsm-images/Blood%20Indian%20Creek%20Reservoir/Creek%20inflow%20near%20culvert%20reservoir%20side.jpg
3494,wb3494,FSO crew working on boat,https://mywildalberta.ca/fishing/fish-stocking/fsm-images/Blood%20Indian%20Creek%20Reservoir/FSO%20crew%20working%20on%20boat.jpg
3499,wb3499,Chain Lakes Reservoir overview of parking area,https://mywildalberta.ca/fishing/fish-stocking/fsm-images/Chain%20Lakes%20Reservoir/Chain%20Lakes%20Reservoir%20overview%20of%20parking%20area.jpg
3499,wb3499,Chainlakesres summer shoreline,https://mywildalberta.ca/fishing/fish-stocking/fsm-images/Chain%20Lakes%20Reservoir/Chainlakesres%20summer%20shoreline.jpg
3499,wb3499,IMG 0269,https://mywildalberta.ca/fishing/fish-stocking/fsm-images/Chain%20Lakes%20Reservoir/IMG_0269.jpeg
3499,wb3499,IMG 0270,https://mywildalberta.ca/fishing/fish-stocking/fsm-images/Chain%20Lakes%20Reservoir/IMG_0270.jpeg
3523,wb3523,Michel Reservoir over view of lake,https://mywildalberta.ca/fishing/fish-stocking/fsm-images/Michel%20Creek%20Reservoir/Michel%20Reservoir%20over%20view%20of%20lake.JPG
3523,wb3523,Michel Reservoir stocking,https://mywildalberta.ca/fishing/fish-stocking/fsm-images/Michel%20Creek%20Reservoir/Michel%20Reservoir%20stocking.JPG
3524,wb3524,MIchichi Fish Cleaning Station,https://mywildalberta.ca/fishing/fish-stocking/fsm-images/Michichi%20Reservoir/MIchichi%20Fish%20Cleaning%20Station.jpg
3524,wb3524,Michichi Boardwalk Sign,https://mywildalberta.ca/fishing/fish-stocking/fsm-images/Michichi%20Reservoir/Michichi%20Boardwalk%20Sign.jpg
3524,wb3524,Michichi Camping Spots,https://mywildalberta.ca/fishing/fish-stocking/fsm-images/Michichi%20Reservoir/Michichi%20Camping%20Spots.jpg
3524,wb3524,Michichi Cook Shelter Side,https://mywildalberta.ca/fishing/fish-stocking/fsm-images/Michichi%20Reservoir/Michichi%20Cook%20Shelter%20Side.jpg
3524,wb3524,Michichi Cook Shelter Wide,https://mywildalberta.ca/fishing/fish-stocking/fsm-images/Michichi%20Reservoir/Michichi%20Cook%20Shelter%20Wide.jpg
3524,wb3524,Michichi Dock,https://mywildalberta.ca/fishing/fish-stocking/fsm-images/Michichi%20Reservoir/Michichi%20Dock.jpg
3524,wb3524,Michichi Fishing Sign,https://mywildalberta.ca/fishing/fish-stocking/fsm-images/Michichi%20Reservoir/Michichi%20Fishing%20Sign.jpg
3524,wb3524,Michichi Lakeside View,https://mywildalberta.ca/fishing/fish-stocking/fsm-images/Michichi%20Reservoir/Michichi%20Lakeside%20View.jpg
3524,wb3524,Michichi Lookout,https://mywildalberta.ca/fishing/fish-stocking/fsm-images/Michichi%20Reservoir/Michichi%20Lookout.jpg
3524,wb3524,Michichi Playground,https://mywildalberta.ca/fishing/fish-stocking/fsm-images/Michichi%20Reservoir/Michichi%20Playground.jpg
3524,wb3524,Michichi Walking Trail,https://mywildalberta.ca/fishing/fish-stocking/fsm-images/Michichi%20Reservoir/Michichi%20Walking%20Trail.jpg
3524,wb3524,Michichi Walking Trail (2),https://mywildalberta.ca/fishing/fish-stocking/fsm-images/Michichi%20Reservoir/Michichi%20Walking%20Trail%20(2).jpg
3524,wb3524,Michichi Washrooms,https://mywildalberta.ca/fishing/fish-stocking/fsm-images/Michichi%20Reservoir/Michichi%20Washrooms.jpg
3524,wb3524,Michichi Wide View and dock,https://mywildalberta.ca/fishing/fish-stocking/fsm-images/Michichi%20Reservoir/Michichi%20Wide%20View%20and%20dock.jpg
3524,wb3524,Michichi pond and island,https://mywildalberta.ca/fishing/fish-stocking/fsm-images/Michichi%20Reservoir/Michichi%20pond%20and%20island.jpg
3524,wb3524,Michichi reservoir,https://mywildalberta.ca/fishing/fish-stocking/fsm-images/Michichi%20Reservoir/Michichi%20reservoir.JPG
3534,wb3534,Spruce Coulee,https://mywildalberta.ca/fishing/fish-stocking/fsm-images/Spruce%20Coulee%20Reservoir/Spruce%20Coulee.jpg
3534,wb3534,Spruce Coulee boat and fishing dock,https://mywildalberta.ca/fishing/fish-stocking/fsm-images/Spruce%20Coulee%20Reservoir/Spruce%20Coulee%20boat%20and%20fishing%20dock.JPG
3534,wb3534,Spruce Coulee view from the boat dock,https://mywildalberta.ca/fishing/fish-stocking/fsm-images/Spruce%20Coulee%20Reservoir/Spruce%20Coulee%20view%20from%20the%20boat%20dock.jpg
3537,wb3537,Travers Reservoir,https://mywildalberta.ca/fishing/fish-stocking/fsm-images/Travers%20Reservoir/Travers%20Reservoir.jpg
3899,wb3899,Alford Lake,https://mywildalberta.ca/fishing/fish-stocking/fsm-images/Alford%20Lake/Alford%20Lake.JPG
3899,wb3899,Alford Lake senic,https://mywildalberta.ca/fishing/fish-stocking/fsm-images/Alford%20Lake/Alford%20Lake%20senic.JPG
3948,wb3948,Aster Lake (1),https://mywildalberta.ca/fishing/fish-stocking/fsm-images/Aster%20Lake/Aster%20Lake%20(1).jpg
3948,wb3948,Aster Lake (2),https://mywildalberta.ca/fishing/fish-stocking/fsm-images/Aster%20Lake/Aster%20Lake%20(2).jpg
4011,wb4011,Beauvais Lake,https://mywildalberta.ca/fishing/fish-stocking/fsm-images/Beauvais%20Lake/Beauvais%20Lake.JPG
4014,wb4014,Beaver Lake Senic,https://mywildalberta.ca/fishing/fish-stocking/fsm-images/Beaver%20Lake/Beaver%20Lake%20Senic.JPG
4014,wb4014,Little Beaver Dam clear water,https://mywildalberta.ca/fishing/fish-stocking/fsm-images/Beaver%20Lake/Little%20Beaver%20Dam%20clear%20water.jpg
4018,wb4018,BeaverMines Lake (1),https://mywildalberta.ca/fishing/fish-stocking/fsm-images/Beaver%20Mines%20Lake/BeaverMines%20Lake%20(1).jpg
4061,wb4061,Birch Lake,https://mywildalberta.ca/fishing/fish-stocking/fsm-images/Birch%20Lake/Birch%20Lake.JPG
4159,wb4159,Burns Lake (1),https://mywildalberta.ca/fishing/fish-stocking/fsm-images/Burns%20Lake/Burns%20Lake%20(1).jpg
4159,wb4159,Burns Lake (2),https://mywildalberta.ca/fishing/fish-stocking/fsm-images/Burns%20Lake/Burns%20Lake%20(2).jpg
4171,wb4171,Butcher Lake fishermen on boats,https://mywildalberta.ca/fishing/fish-stocking/fsm-images/Butcher's%20Lake/Butcher%20Lake%20fishermen%20on%20boats.jpg
4171,wb4171,Butcher Lake information sign,https://mywildalberta.ca/fishing/fish-stocking/fsm-images/Butcher's%20Lake/Butcher%20Lake%20information%20sign.JPG
4171,wb4171,Butcher Lake senice view with stocking truck,https://mywildalberta.ca/fishing/fish-stocking/fsm-images/Butcher's%20Lake/Butcher%20Lake%20senice%20view%20with%20stocking%20truck.JPG
4171,wb4171,Butcher lake looking south ober lake,https://mywildalberta.ca/fishing/fish-stocking/fsm-images/Butcher's%20Lake/Butcher%20lake%20looking%20south%20ober%20lake.jpg
4171,wb4171,Butcher lake with mountian backdrop,https://mywildalberta.ca/fishing/fish-stocking/fsm-images/Butcher's%20Lake/Butcher%20lake%20with%20mountian%20backdrop.jpg
4208,wb4208,Captain Eyre overview,https://mywildalberta.ca/fishing/fish-stocking/fsm-images/Capt%20Ayre/Captain%20Eyre%20overview.jpg
4231,wb4231,Cavan Lake Low water level,https://mywildalberta.ca/fishing/fish-stocking/fsm-images/Cavan%20Lake/Cavan%20Lake%20Low%20water%20level.jpg
4231,wb4231,Cavan Lake road down to lake,https://mywildalberta.ca/fishing/fish-stocking/fsm-images/Cavan%20Lake/Cavan%20Lake%20road%20down%20to%20lake.jpg
4231,wb4231,Cavan Lake view from road,https://mywildalberta.ca/fishing/fish-stocking/fsm-images/Cavan%20Lake/Cavan%20Lake%20view%20from%20road.jpg
4252,wb4252,Boat Launch and Lake,https://mywildalberta.ca/fishing/fish-stocking/fsm-images/Chatwin%20Lake/Boat%20Launch%20and%20Lake.jpg
4252,wb4252,Chatwin Dominique,https://mywildalberta.ca/fishing/fish-stocking/fsm-images/Chatwin%20Lake/Chatwin%20Dominique.jpg
4252,wb4252,Chatwin Shannon,https://mywildalberta.ca/fishing/fish-stocking/fsm-images/Chatwin%20Lake/Chatwin%20Shannon.jpg
4252,wb4252,Chatwin View of golf course,https://mywildalberta.ca/fishing/fish-stocking/fsm-images/Chatwin%20Lake/Chatwin%20View%20of%20golf%20course.jpg
4252,wb4252,Panoramic View,https://mywildalberta.ca/fishing/fish-stocking/fsm-images/Chatwin%20Lake/Panoramic%20View.jpg
4318,wb4318,Commonwealth Lake,https://mywildalberta.ca/fishing/fish-stocking/fsm-images/Birdwood%20Lake/Commonwealth%20Lake.jpg
4340,wb4340,Beach Area,https://mywildalberta.ca/fishing/fish-stocking/fsm-images/Cow%20Lake/Beach%20Area.jpg
4340,wb4340,Beach Recreation,https://mywildalberta.ca/fishing/fish-stocking/fsm-images/Cow%20Lake/Beach%20Recreation.jpg
4340,wb4340,Boat Docking,https://mywildalberta.ca/fishing/fish-stocking/fsm-images/Cow%20Lake/Boat%20Docking.jpg
4340,wb4340,Camping Site,https://mywildalberta.ca/fishing/fish-stocking/fsm-images/Cow%20Lake/Camping%20Site.jpg
4340,wb4340,Cook Shelter,https://mywildalberta.ca/fishing/fish-stocking/fsm-images/Cow%20Lake/Cook%20Shelter.jpg
4340,wb4340,Cow Lake,https://mywildalberta.ca/fishing/fish-stocking/fsm-images/Cow%20Lake/Cow%20Lake.jpg
4340,wb4340,Lake Sign,https://mywildalberta.ca/fishing/fish-stocking/fsm-images/Cow%20Lake/Lake%20Sign.jpg
4340,wb4340,Open Water VIew,https://mywildalberta.ca/fishing/fish-stocking/fsm-images/Cow%20Lake/Open%20Water%20VIew.jpg
4340,wb4340,Picnic Bench,https://mywildalberta.ca/fishing/fish-stocking/fsm-images/Cow%20Lake/Picnic%20Bench.jpg
4340,wb4340,Playground (2),https://mywildalberta.ca/fishing/fish-stocking/fsm-images/Cow%20Lake/Playground%20(2).jpg
4374,wb4374,Crowsnest Lake boat launch area dock not in water,https://mywildalberta.ca/fishing/fish-stocking/fsm-images/Crowsnest%20Lake/Crowsnest%20Lake%20boat%20launch%20area%20dock%20not%20in%20water.JPG
4374,wb4374,Crowsnest Lake boat launch area looking south,https://mywildalberta.ca/fishing/fish-stocking/fsm-images/Crowsnest%20Lake/Crowsnest%20Lake%20boat%20launch%20area%20looking%20south.JPG
4446,wb4446,Dillberry Lake boat launch,https://mywildalberta.ca/fishing/fish-stocking/fsm-images/Dillberry%20Lake/Dillberry%20Lake%20boat%20launch.JPG
4458,wb4458,Boat Dock,https://mywildalberta.ca/fishing/fish-stocking/fsm-images/Dolberg%20Lake/Boat%20Dock.jpg
4458,wb4458,Boat Launch (3),https://mywildalberta.ca/fishing/fish-stocking/fsm-images/Dolberg%20Lake/Boat%20Launch%20(3).jpg
4458,wb4458,Dolberg (3),https://mywildalberta.ca/fishing/fish-stocking/fsm-images/Dolberg%20Lake/Dolberg%20(3).JPG
4458,wb4458,Dolberg Dock,https://mywildalberta.ca/fishing/fish-stocking/fsm-images/Dolberg%20Lake/Dolberg%20Dock.jpg
4458,wb4458,Far Bank View,https://mywildalberta.ca/fishing/fish-stocking/fsm-images/Dolberg%20Lake/Far%20Bank%20View.jpg
4458,wb4458,Open Water View,https://mywildalberta.ca/fishing/fish-stocking/fsm-images/Dolberg%20Lake/Open%20Water%20View.jpg
4458,wb4458,Reed Bank,https://mywildalberta.ca/fishing/fish-stocking/fsm-images/Dolberg%20Lake/Reed%20Bank.jpg
4460,wb4460,East Dollar,https://mywildalberta.ca/fishing/fish-stocking/fsm-images/East%20Dollar%20Lake/East%20Dollar.jpg
4460,wb4460,EastDollar lake view,https://mywildalberta.ca/fishing/fish-stocking/fsm-images/East%20Dollar%20Lake/EastDollar%20lake%20view.JPG
4460,wb4460,Eastdollar fishing on the lake,https://mywildalberta.ca/fishing/fish-stocking/fsm-images/East%20Dollar%20Lake/Eastdollar%20fishing%20on%20the%20lake.jpg
4495,wb4495,Eagle (1),https://mywildalberta.ca/fishing/fish-stocking/fsm-images/Eagle%20Lake/Eagle%20(1).JPG
4495,wb4495,IMG 8019,https://mywildalberta.ca/fishing/fish-stocking/fsm-images/Eagle%20Lake/IMG_8019.HEIC
4495,wb4495,IMG 8021,https://mywildalberta.ca/fishing/fish-stocking/fsm-images/Eagle%20Lake/IMG_8021.HEIC
4495,wb4495,IMG 8022,https://mywildalberta.ca/fishing/fish-stocking/fsm-images/Eagle%20Lake/IMG_8022.HEIC
4495,wb4495,IMG 8025,https://mywildalberta.ca/fishing/fish-stocking/fsm-images/Eagle%20Lake/IMG_8025.HEIC
4495,wb4495,IMG 8026,https://mywildalberta.ca/fishing/fish-stocking/fsm-images/Eagle%20Lake/IMG_8026.HEIC
4505,wb4505,Edith Lake boat on shore,https://mywildalberta.ca/fishing/fish-stocking/fsm-images/Edith%20Lake/Edith%20Lake%20boat%20on%20shore.jpg
4505,wb4505,Edith Lake cloudy day overview,https://mywildalberta.ca/fishing/fish-stocking/fsm-images/Edith%20Lake/Edith%20Lake%20cloudy%20day%20overview.jpg
4505,wb4505,Edith Lake sunny day looking over water,https://mywildalberta.ca/fishing/fish-stocking/fsm-images/Edith%20Lake/Edith%20Lake%20sunny%20day%20looking%20over%20water.jpg
4505,wb4505,Edith lake on a cloudy day,https://mywildalberta.ca/fishing/fish-stocking/fsm-images/Edith%20Lake/Edith%20lake%20on%20a%20cloudy%20day.jpg
4505,wb4505,Edith lake signage,https://mywildalberta.ca/fishing/fish-stocking/fsm-images/Edith%20Lake/Edith%20lake%20signage.jpg
4532,wb4532,Across Lake View,https://mywildalberta.ca/fishing/fish-stocking/fsm-images/Emerald%20Lake/Across%20Lake%20View.jpg
4532,wb4532,Dock Access,https://mywildalberta.ca/fishing/fish-stocking/fsm-images/Emerald%20Lake/Dock%20Access.jpg
4532,wb4532,Forest Trail,https://mywildalberta.ca/fishing/fish-stocking/fsm-images/Emerald%20Lake/Forest%20Trail.jpg
4532,wb4532,Lake Access,https://mywildalberta.ca/fishing/fish-stocking/fsm-images/Emerald%20Lake/Lake%20Access.jpg
4532,wb4532,Picnic Table,https://mywildalberta.ca/fishing/fish-stocking/fsm-images/Emerald%20Lake/Picnic%20Table.jpg
4532,wb4532,Trail Boulder,https://mywildalberta.ca/fishing/fish-stocking/fsm-images/Emerald%20Lake/Trail%20Boulder.jpg
4535,wb4535,Emerson Lake on a sunny day,https://mywildalberta.ca/fishing/fish-stocking/fsm-images/Emerson%20Lakes/Emerson%20Lake%20on%20a%20sunny%20day.JPG
4535,wb4535,Emerson Pond (1),https://mywildalberta.ca/fishing/fish-stocking/fsm-images/Emerson%20Lakes/Emerson%20Pond%20(1).jpg
4535,wb4535,Emerson Pond (2),https://mywildalberta.ca/fishing/fish-stocking/fsm-images/Emerson%20Lakes/Emerson%20Pond%20(2).jpg
4535,wb4535,Emmerson Lake shady view from shore,https://mywildalberta.ca/fishing/fish-stocking/fsm-images/Emerson%20Lakes/Emmerson%20Lake%20shady%20view%20from%20shore.JPG
4539,wb4539,Engstrom (1),https://mywildalberta.ca/fishing/fish-stocking/fsm-images/Engstrom%20Lake/Engstrom%20(1).jpg
4539,wb4539,Engstrom (2),https://mywildalberta.ca/fishing/fish-stocking/fsm-images/Engstrom%20Lake/Engstrom%20(2).jpg
4539,wb4539,Engstrom Lake,https://mywildalberta.ca/fishing/fish-stocking/fsm-images/Engstrom%20Lake/Engstrom%20Lake.jpg
4614,wb4614,Fortress Lake (1),https://mywildalberta.ca/fishing/fish-stocking/fsm-images/Fortress%20Lake/Fortress%20Lake%20(1).JPG
4614,wb4614,Fortress Lake (2),https://mywildalberta.ca/fishing/fish-stocking/fsm-images/Fortress%20Lake/Fortress%20Lake%20(2).JPG
4642,wb4642,Lower Galatea Lake (1),https://mywildalberta.ca/fishing/fish-stocking/fsm-images/Lower%20Galatea%20Lake/Lower%20Galatea%20Lake%20(1).jpg
4697,wb4697,Goldeye Lake dock in the water,https://mywildalberta.ca/fishing/fish-stocking/fsm-images/Goldeye%20Lake/Goldeye%20Lake%20dock%20in%20the%20water.jpg
4697,wb4697,Goldeye Lake view from dock,https://mywildalberta.ca/fishing/fish-stocking/fsm-images/Goldeye%20Lake/Goldeye%20Lake%20view%20from%20dock.jpg
4725,wb4725,Grand Cache Lake  boat launch and fishing dock,https://mywildalberta.ca/fishing/fish-stocking/fsm-images/Grande%20Cache%20Lake/Grand%20Cache%20Lake%20%20boat%20launch%20and%20fishing%20dock.jpg
4725,wb4725,Grand Cache Lake  cloudy lake picture,https://mywildalberta.ca/fishing/fish-stocking/fsm-images/Grande%20Cache%20Lake/Grand%20Cache%20Lake%20%20cloudy%20lake%20picture.jpg
4725,wb4725,Grand Cache Lake  lake view from shore,https://mywildalberta.ca/fishing/fish-stocking/fsm-images/Grande%20Cache%20Lake/Grand%20Cache%20Lake%20%20lake%20view%20from%20shore.jpg
4794,wb4794,Hasse Lake sunny day view,https://mywildalberta.ca/fishing/fish-stocking/fsm-images/Hasse%20Lake/Hasse%20Lake%20sunny%20day%20view.jpg
4854,wb4854,Lake of Horns areial view,https://mywildalberta.ca/fishing/fish-stocking/fsm-images/Lake%20of%20the%20Horns/Lake%20of%20Horns%20areial%20view.JPG
4888,wb4888,Ice Lake arial other mountian in the back ground,https://mywildalberta.ca/fishing/fish-stocking/fsm-images/Ice%20Lake/Ice%20Lake%20arial%20other%20mountian%20in%20the%20back%20ground.heic
4888,wb4888,Ice Lake gravel wash,https://mywildalberta.ca/fishing/fish-stocking/fsm-images/Ice%20Lake/Ice%20Lake%20gravel%20wash.jpg
4888,wb4888,Ice Lake senic view,https://mywildalberta.ca/fishing/fish-stocking/fsm-images/Ice%20Lake/Ice%20Lake%20senic%20view.heic
4888,wb4888,Ice Lake snow covered,https://mywildalberta.ca/fishing/fish-stocking/fsm-images/Ice%20Lake/Ice%20Lake%20snow%20covered.JPG
4888,wb4888,Ice lake arial of entire lake,https://mywildalberta.ca/fishing/fish-stocking/fsm-images/Ice%20Lake/Ice%20lake%20arial%20of%20entire%20lake.heic
4909,wb4909,Island Lake picnic table,https://mywildalberta.ca/fishing/fish-stocking/fsm-images/Island%20Lake/Island%20Lake%20picnic%20table.jpg
4909,wb4909,Island Lake view from shore,https://mywildalberta.ca/fishing/fish-stocking/fsm-images/Island%20Lake/Island%20Lake%20view%20from%20shore.JPG
4909,wb4909,Island Lake view of lake,https://mywildalberta.ca/fishing/fish-stocking/fsm-images/Island%20Lake/Island%20Lake%20view%20of%20lake.JPG
4920,wb4920,Jack Fish Lake (Lake),https://mywildalberta.ca/fishing/fish-stocking/fsm-images/Jackfish%20Lake/Jack%20Fish%20Lake%20(Lake).jpg
4920,wb4920,Jack Fish Lake Building,https://mywildalberta.ca/fishing/fish-stocking/fsm-images/Jackfish%20Lake/Jack%20Fish%20Lake%20Building.jpg
4920,wb4920,Jack Fish Lake Camping,https://mywildalberta.ca/fishing/fish-stocking/fsm-images/Jackfish%20Lake/Jack%20Fish%20Lake%20Camping.jpg
4920,wb4920,Jack Fish Lake park Sign,https://mywildalberta.ca/fishing/fish-stocking/fsm-images/Jackfish%20Lake/Jack%20Fish%20Lake%20park%20Sign.jpg
5002,wb5002,Kinky Lake (5),https://mywildalberta.ca/fishing/fish-stocking/fsm-images/Kinky%20Lake/Kinky%20Lake%20(5).jpg
5002,wb5002,Kinky Lake camping area with facilities,https://mywildalberta.ca/fishing/fish-stocking/fsm-images/Kinky%20Lake/Kinky%20Lake%20camping%20area%20with%20facilities.jpg
5002,wb5002,Kinky Lake garbage receptical,https://mywildalberta.ca/fishing/fish-stocking/fsm-images/Kinky%20Lake/Kinky%20Lake%20garbage%20receptical.jpg
5002,wb5002,Kinky Lake primative boat launch,https://mywildalberta.ca/fishing/fish-stocking/fsm-images/Kinky%20Lake/Kinky%20Lake%20primative%20boat%20launch.jpg
5002,wb5002,Kinky Lake view from side of boat lauch,https://mywildalberta.ca/fishing/fish-stocking/fsm-images/Kinky%20Lake/Kinky%20Lake%20view%20from%20side%20of%20boat%20lauch.jpg
5029,wb5029,Landslide Lake arial view,https://mywildalberta.ca/fishing/fish-stocking/fsm-images/Landslide%20Lake/Landslide%20Lake%20arial%20view.jpg
5050,wb5050,Lees Lake from top of stocking truck moutains in the background,https://mywildalberta.ca/fishing/fish-stocking/fsm-images/Lees%20Lake/Lees%20Lake%20from%20top%20of%20stocking%20truck%20moutains%20in%20the%20background.jpg
5050,wb5050,Lees Lake stocking truck and boat on shore,https://mywildalberta.ca/fishing/fish-stocking/fsm-images/Lees%20Lake/Lees%20Lake%20stocking%20truck%20and%20boat%20on%20shore.jpg
5050,wb5050,Lees Lake treed shoreline looking on to lake from top of stocking truck,https://mywildalberta.ca/fishing/fish-stocking/fsm-images/Lees%20Lake/Lees%20Lake%20treed%20shoreline%20looking%20on%20to%20lake%20from%20top%20of%20stocking%20truck.jpg
5093,wb5093,Little Bear (Hasse Lake) blue skies,https://mywildalberta.ca/fishing/fish-stocking/fsm-images/Little%20Bear%20Lake/Little%20Bear%20(Hasse%20Lake)%20blue%20skies.jpg
5093,wb5093,Little Bear (Hasse) sunny skies,https://mywildalberta.ca/fishing/fish-stocking/fsm-images/Little%20Bear%20Lake/Little%20Bear%20(Hasse)%20sunny%20skies.jpg
5149,wb5149,Loomis Lake tucked into moutains,https://mywildalberta.ca/fishing/fish-stocking/fsm-images/Loomis%20Lake/Loomis%20Lake%20tucked%20into%20moutains.JPG
5158,wb5158,Lost Guide Lake airel view,https://mywildalberta.ca/fishing/fish-stocking/fsm-images/Lost%20Guide%20Lake/Lost%20Guide%20Lake%20airel%20view.jpg
5158,wb5158,Lost Guide winter airel view,https://mywildalberta.ca/fishing/fish-stocking/fsm-images/Lost%20Guide%20Lake/Lost%20Guide%20winter%20airel%20view.JPG
5223,wb5223,Margaret Lake,https://mywildalberta.ca/fishing/fish-stocking/fsm-images/Margaret%20Lake/Margaret%20Lake.jpg
5223,wb5223,Margaret Lake parking area,https://mywildalberta.ca/fishing/fish-stocking/fsm-images/Margaret%20Lake/Margaret%20Lake%20parking%20area.HEIC
5223,wb5223,Margaret Lake tree line,https://mywildalberta.ca/fishing/fish-stocking/fsm-images/Margaret%20Lake/Margaret%20Lake%20tree%20line.HEIC
5223,wb5223,Margaret lake vehicle fence,https://mywildalberta.ca/fishing/fish-stocking/fsm-images/Margaret%20Lake/Margaret%20lake%20vehicle%20fence.HEIC
5223,wb5223,Margraret lake information sign,https://mywildalberta.ca/fishing/fish-stocking/fsm-images/Margaret%20Lake/Margraret%20lake%20information%20sign.HEIC
5223,wb5223,Margret lake overview,https://mywildalberta.ca/fishing/fish-stocking/fsm-images/Margaret%20Lake/Margret%20lake%20overview.HEIC
5286,wb5286,Mcleod (Carson) Lake beach area,https://mywildalberta.ca/fishing/fish-stocking/fsm-images/Carson%20Lake/Mcleod%20(Carson)%20Lake%20beach%20area.JPG
5286,wb5286,Mcleod (Carson) Lake duck relaxing by the water,https://mywildalberta.ca/fishing/fish-stocking/fsm-images/Carson%20Lake/Mcleod%20(Carson)%20Lake%20duck%20relaxing%20by%20the%20water.JPG
5286,wb5286,Mcleod (Carson) doc and fishing peir,https://mywildalberta.ca/fishing/fish-stocking/fsm-images/Carson%20Lake/Mcleod%20(Carson)%20doc%20and%20fishing%20peir.JPG
5286,wb5286,Mcleod (Carson) lifejacket loaner station,https://mywildalberta.ca/fishing/fish-stocking/fsm-images/Carson%20Lake/Mcleod%20(Carson)%20lifejacket%20loaner%20station.JPG
5324,wb5324,Millers Lake winter condiditons,https://mywildalberta.ca/fishing/fish-stocking/fsm-images/Millers%20Lake/Millers%20Lake%20winter%20condiditons.JPG
5348,wb5348,Mitchell Lake overview of lake from entrance,https://mywildalberta.ca/fishing/fish-stocking/fsm-images/Mitchell%20Lake/Mitchell%20Lake%20overview%20of%20lake%20from%20entrance.JPG
5360,wb5360,Bathroom Facilities,https://mywildalberta.ca/fishing/fish-stocking/fsm-images/Mirage%20Lake/Bathroom%20Facilities.jpg
5360,wb5360,Bench,https://mywildalberta.ca/fishing/fish-stocking/fsm-images/Mirage%20Lake/Bench.jpg
5360,wb5360,Builiding and Volleyball Net,https://mywildalberta.ca/fishing/fish-stocking/fsm-images/Mirage%20Lake/Builiding%20and%20Volleyball%20Net.jpg
5360,wb5360,Camping Site,https://mywildalberta.ca/fishing/fish-stocking/fsm-images/Mirage%20Lake/Camping%20Site.jpg
5360,wb5360,Dock (3),https://mywildalberta.ca/fishing/fish-stocking/fsm-images/Mirage%20Lake/Dock%20(3).jpg
5360,wb5360,Dock and Lake View,https://mywildalberta.ca/fishing/fish-stocking/fsm-images/Mirage%20Lake/Dock%20and%20Lake%20View.jpg
5360,wb5360,Drinking Water Receptical,https://mywildalberta.ca/fishing/fish-stocking/fsm-images/Mirage%20Lake/Drinking%20Water%20Receptical.jpg
5360,wb5360,Fire Pit site,https://mywildalberta.ca/fishing/fish-stocking/fsm-images/Mirage%20Lake/Fire%20Pit%20site.jpg
5360,wb5360,Fish Information Sign,https://mywildalberta.ca/fishing/fish-stocking/fsm-images/Mirage%20Lake/Fish%20Information%20Sign.jpg
5360,wb5360,Garbage Cans,https://mywildalberta.ca/fishing/fish-stocking/fsm-images/Mirage%20Lake/Garbage%20Cans.jpg
5360,wb5360,Lake Above View,https://mywildalberta.ca/fishing/fish-stocking/fsm-images/Mirage%20Lake/Lake%20Above%20View.jpg
5360,wb5360,Lake Bank View (2),https://mywildalberta.ca/fishing/fish-stocking/fsm-images/Mirage%20Lake/Lake%20Bank%20View%20(2).jpg
5360,wb5360,Lake Side Swing Set,https://mywildalberta.ca/fishing/fish-stocking/fsm-images/Mirage%20Lake/Lake%20Side%20Swing%20Set.jpg
5360,wb5360,Lake View,https://mywildalberta.ca/fishing/fish-stocking/fsm-images/Mirage%20Lake/Lake%20View.jpg
5360,wb5360,Lake View and Dock,https://mywildalberta.ca/fishing/fish-stocking/fsm-images/Mirage%20Lake/Lake%20View%20and%20Dock.jpg
5360,wb5360,Moonshine Park Sign,https://mywildalberta.ca/fishing/fish-stocking/fsm-images/Mirage%20Lake/Moonshine%20Park%20Sign.jpg
5360,wb5360,Open Water View,https://mywildalberta.ca/fishing/fish-stocking/fsm-images/Mirage%20Lake/Open%20Water%20View.jpg
5360,wb5360,Otter Sign,https://mywildalberta.ca/fishing/fish-stocking/fsm-images/Mirage%20Lake/Otter%20Sign.jpg
5360,wb5360,Picnic Benches,https://mywildalberta.ca/fishing/fish-stocking/fsm-images/Mirage%20Lake/Picnic%20Benches.jpg
5360,wb5360,Picnic Site,https://mywildalberta.ca/fishing/fish-stocking/fsm-images/Mirage%20Lake/Picnic%20Site.jpg
5360,wb5360,Playground,https://mywildalberta.ca/fishing/fish-stocking/fsm-images/Mirage%20Lake/Playground.jpg
5360,wb5360,Wood Shelter,https://mywildalberta.ca/fishing/fish-stocking/fsm-images/Mirage%20Lake/Wood%20Shelter.jpg
5387,wb5387,Muir Lake with fishing doc,https://mywildalberta.ca/fishing/fish-stocking/fsm-images/Muir%20Lake/Muir%20Lake%20with%20fishing%20doc.JPG
5407,wb5407,Muskiki from top of stocking truck with tree,https://mywildalberta.ca/fishing/fish-stocking/fsm-images/Muskiki%20Lake/Muskiki%20from%20top%20of%20stocking%20truck%20with%20tree.jpg
5407,wb5407,Muskiki overview from top of stocking truck on cloudy day,https://mywildalberta.ca/fishing/fish-stocking/fsm-images/Muskiki%20Lake/Muskiki%20overview%20from%20top%20of%20stocking%20truck%20on%20cloudy%20day.jpg
5466,wb5466,Obed boat on water,https://mywildalberta.ca/fishing/fish-stocking/fsm-images/Obed%20Lake/Obed%20boat%20on%20water.jpg
5466,wb5466,Obed lake cloudy day,https://mywildalberta.ca/fishing/fish-stocking/fsm-images/Obed%20Lake/Obed%20lake%20cloudy%20day.jpg
5466,wb5466,Obed lake shore view,https://mywildalberta.ca/fishing/fish-stocking/fsm-images/Obed%20Lake/Obed%20lake%20shore%20view.jpg
5504,wb5504,Police Out Post Lake boat and fishing dock,https://mywildalberta.ca/fishing/fish-stocking/fsm-images/Police%20Lake/Police%20Out%20Post%20Lake%20boat%20and%20fishing%20dock.jpg
5504,wb5504,Police Out Post Lake boat launch,https://mywildalberta.ca/fishing/fish-stocking/fsm-images/Police%20Lake/Police%20Out%20Post%20Lake%20boat%20launch.jpg
5504,wb5504,Police Out Post Lake boat launch facing outwards to lake,https://mywildalberta.ca/fishing/fish-stocking/fsm-images/Police%20Lake/Police%20Out%20Post%20Lake%20boat%20launch%20facing%20outwards%20to%20lake.jpg
5504,wb5504,Police Out Post Lake parking area,https://mywildalberta.ca/fishing/fish-stocking/fsm-images/Police%20Lake/Police%20Out%20Post%20Lake%20parking%20area.jpg
5504,wb5504,Police Out Post Lake welcome sign,https://mywildalberta.ca/fishing/fish-stocking/fsm-images/Police%20Lake/Police%20Out%20Post%20Lake%20welcome%20sign.jpg
5513,wb5513,Payne Lake boat launch,https://mywildalberta.ca/fishing/fish-stocking/fsm-images/Mami%20Lake/Payne%20Lake%20boat%20launch.JPG
5513,wb5513,Payne Lake boat launch and dock,https://mywildalberta.ca/fishing/fish-stocking/fsm-images/Mami%20Lake/Payne%20Lake%20boat%20launch%20and%20dock.JPG
5538,wb5538,Peanut fishing dock looking onto lake,https://mywildalberta.ca/fishing/fish-stocking/fsm-images/Peanut%20Lake/Peanut%20fishing%20dock%20looking%20onto%20lake.jpg
5555,wb5555,Peppers Lake dock and boat launch area in the winter months,https://mywildalberta.ca/fishing/fish-stocking/fsm-images/Peppers%20Lake/Peppers%20Lake%20dock%20and%20boat%20launch%20area%20in%20the%20winter%20months.JPG
5569,wb5569,Phyllis Lake facilities,https://mywildalberta.ca/fishing/fish-stocking/fsm-images/Phyllis%20Lake/Phyllis%20Lake%20facilities.jpg
5569,wb5569,Phyllis Lake picnic area,https://mywildalberta.ca/fishing/fish-stocking/fsm-images/Phyllis%20Lake/Phyllis%20Lake%20picnic%20area.jpg
5569,wb5569,Phyllis lake beach area,https://mywildalberta.ca/fishing/fish-stocking/fsm-images/Phyllis%20Lake/Phyllis%20lake%20beach%20area.jpg
5569,wb5569,Phyllis lake beach hand launch area,https://mywildalberta.ca/fishing/fish-stocking/fsm-images/Phyllis%20Lake/Phyllis%20lake%20beach%20hand%20launch%20area.JPG
5569,wb5569,Phyllis lake dock and fishing pear,https://mywildalberta.ca/fishing/fish-stocking/fsm-images/Phyllis%20Lake/Phyllis%20lake%20dock%20and%20fishing%20pear.jpg
5569,wb5569,Phyllis lake water,https://mywildalberta.ca/fishing/fish-stocking/fsm-images/Phyllis%20Lake/Phyllis%20lake%20water.jpg
5661,wb5661,Reesor Lake boat launch area,https://mywildalberta.ca/fishing/fish-stocking/fsm-images/Reesor%20Lake/Reesor%20Lake%20boat%20launch%20area.JPG
5661,wb5661,Reesor Lake fishing dock and peer,https://mywildalberta.ca/fishing/fish-stocking/fsm-images/Reesor%20Lake/Reesor%20Lake%20fishing%20dock%20and%20peer.jpg
5661,wb5661,Reesor Lake long view of the lake,https://mywildalberta.ca/fishing/fish-stocking/fsm-images/Reesor%20Lake/Reesor%20Lake%20long%20view%20of%20the%20lake.heic
5661,wb5661,Reesor Lake look out and access road,https://mywildalberta.ca/fishing/fish-stocking/fsm-images/Reesor%20Lake/Reesor%20Lake%20look%20out%20and%20access%20road.jpg
5661,wb5661,Ressor Lake board walk and picnic area,https://mywildalberta.ca/fishing/fish-stocking/fsm-images/Reesor%20Lake/Ressor%20Lake%20board%20walk%20and%20picnic%20area.jpg
5667,wb5667,Ribbon Lake,https://mywildalberta.ca/fishing/fish-stocking/fsm-images/Ribbon%20Lake/Ribbon%20Lake.jpg
5714,wb5714,Running Lake dock and fishing peir,https://mywildalberta.ca/fishing/fish-stocking/fsm-images/Running%20Lake/Running%20Lake%20dock%20and%20fishing%20peir.jpg
5729,wb5729,Salters Lake boat launch and fishing dock,https://mywildalberta.ca/fishing/fish-stocking/fsm-images/Salter's%20Lake/Salters%20Lake%20boat%20launch%20and%20fishing%20dock.JPG
5753,wb5753,Sauer(4),https://mywildalberta.ca/fishing/fish-stocking/fsm-images/Sauer%20Lake/Sauer(4).jpg
5753,wb5753,Sauer(5),https://mywildalberta.ca/fishing/fish-stocking/fsm-images/Sauer%20Lake/Sauer(5).jpg
5753,wb5753,Sauer(6,https://mywildalberta.ca/fishing/fish-stocking/fsm-images/Sauer%20Lake/Sauer(6.jpg
5766,wb5766,Schuman boat launch area,https://mywildalberta.ca/fishing/fish-stocking/fsm-images/Schuman%20Lake/Schuman%20boat%20launch%20area.jpg
5766,wb5766,Schuman facilities,https://mywildalberta.ca/fishing/fish-stocking/fsm-images/Schuman%20Lake/Schuman%20facilities.jpg
5766,wb5766,Schuman information sign,https://mywildalberta.ca/fishing/fish-stocking/fsm-images/Schuman%20Lake/Schuman%20information%20sign.jpg
5766,wb5766,Schuman lake entrance to boat launch at lake,https://mywildalberta.ca/fishing/fish-stocking/fsm-images/Schuman%20Lake/Schuman%20lake%20entrance%20to%20boat%20launch%20at%20lake.jpg
5804,wb5804,Bathroom Facilities,https://mywildalberta.ca/fishing/fish-stocking/fsm-images/Fish%20Lake/Bathroom%20Facilities.jpg
5804,wb5804,Boat Dock,https://mywildalberta.ca/fishing/fish-stocking/fsm-images/Fish%20Lake/Boat%20Dock.jpg
5804,wb5804,Camping and recreation,https://mywildalberta.ca/fishing/fish-stocking/fsm-images/Fish%20Lake/Camping%20and%20recreation.jpg
5804,wb5804,Cook Shack,https://mywildalberta.ca/fishing/fish-stocking/fsm-images/Fish%20Lake/Cook%20Shack.jpg
5804,wb5804,Dock,https://mywildalberta.ca/fishing/fish-stocking/fsm-images/Fish%20Lake/Dock.jpg
5804,wb5804,Dock Access,https://mywildalberta.ca/fishing/fish-stocking/fsm-images/Fish%20Lake/Dock%20Access.jpg
5804,wb5804,Fish Cleaning Station,https://mywildalberta.ca/fishing/fish-stocking/fsm-images/Fish%20Lake/Fish%20Cleaning%20Station.jpg
5804,wb5804,Garbage Site,https://mywildalberta.ca/fishing/fish-stocking/fsm-images/Fish%20Lake/Garbage%20Site.jpg
5804,wb5804,Information Center,https://mywildalberta.ca/fishing/fish-stocking/fsm-images/Fish%20Lake/Information%20Center.jpg
5804,wb5804,Lake Configuration,https://mywildalberta.ca/fishing/fish-stocking/fsm-images/Fish%20Lake/Lake%20Configuration.jpg
5804,wb5804,Open Water View,https://mywildalberta.ca/fishing/fish-stocking/fsm-images/Fish%20Lake/Open%20Water%20View.jpg
5804,wb5804,Shunda (1),https://mywildalberta.ca/fishing/fish-stocking/fsm-images/Fish%20Lake/Shunda%20(1).JPG
5804,wb5804,Trail Bridge,https://mywildalberta.ca/fishing/fish-stocking/fsm-images/Fish%20Lake/Trail%20Bridge.jpg
5804,wb5804,Trail To Shore,https://mywildalberta.ca/fishing/fish-stocking/fsm-images/Fish%20Lake/Trail%20To%20Shore.jpg
5804,wb5804,View across lake,https://mywildalberta.ca/fishing/fish-stocking/fsm-images/Fish%20Lake/View%20across%20lake.jpg
5804,wb5804,View from Dock,https://mywildalberta.ca/fishing/fish-stocking/fsm-images/Fish%20Lake/View%20from%20Dock.jpg
5804,wb5804,View from Dock (2),https://mywildalberta.ca/fishing/fish-stocking/fsm-images/Fish%20Lake/View%20from%20Dock%20(2).jpg
5804,wb5804,View from Shore,https://mywildalberta.ca/fishing/fish-stocking/fsm-images/Fish%20Lake/View%20from%20Shore.jpg
5804,wb5804,View from Shore (2),https://mywildalberta.ca/fishing/fish-stocking/fsm-images/Fish%20Lake/View%20from%20Shore%20(2).jpg
5804,wb5804,View from Shore (3),https://mywildalberta.ca/fishing/fish-stocking/fsm-images/Fish%20Lake/View%20from%20Shore%20(3).jpg
5804,wb5804,View from Shore (4),https://mywildalberta.ca/fishing/fish-stocking/fsm-images/Fish%20Lake/View%20from%20Shore%20(4).jpg
5804,wb5804,View from Shore (5),https://mywildalberta.ca/fishing/fish-stocking/fsm-images/Fish%20Lake/View%20from%20Shore%20(5).jpg
5804,wb5804,Washroom,https://mywildalberta.ca/fishing/fish-stocking/fsm-images/Fish%20Lake/Washroom.jpg
5804,wb5804,Washroom Facilities,https://mywildalberta.ca/fishing/fish-stocking/fsm-images/Fish%20Lake/Washroom%20Facilities.jpg
5804,wb5804,Wide View,https://mywildalberta.ca/fishing/fish-stocking/fsm-images/Fish%20Lake/Wide%20View.jpg
5804,wb5804,Wide View of Lake,https://mywildalberta.ca/fishing/fish-stocking/fsm-images/Fish%20Lake/Wide%20View%20of%20Lake.jpg
5804,wb5804,Wood Storage,https://mywildalberta.ca/fishing/fish-stocking/fsm-images/Fish%20Lake/Wood%20Storage.jpg
5804,wb5804,bathroom Facilites (2),https://mywildalberta.ca/fishing/fish-stocking/fsm-images/Fish%20Lake/bathroom%20Facilites%20(2).jpg
5804,wb5804,garbage and Water Pump,https://mywildalberta.ca/fishing/fish-stocking/fsm-images/Fish%20Lake/garbage%20and%20Water%20Pump.jpg
5804,wb5804,registration booth,https://mywildalberta.ca/fishing/fish-stocking/fsm-images/Fish%20Lake/registration%20booth.jpg
5805,wb5805,Sibbald Lake,https://mywildalberta.ca/fishing/fish-stocking/fsm-images/Sibbald%20Lake/Sibbald%20Lake.JPG
5858,wb5858,Sparrows Egg Lake (1),https://mywildalberta.ca/fishing/fish-stocking/fsm-images/Sparrow's%20Egg%20Lake/Sparrows%20Egg%20Lake%20(1).jpg
5874,wb5874,Bathroom Facility,https://mywildalberta.ca/fishing/fish-stocking/fsm-images/Cottage/Bathroom%20Facility.jpg
5874,wb5874,Boat Access,https://mywildalberta.ca/fishing/fish-stocking/fsm-images/Cottage/Boat%20Access.jpg
5874,wb5874,Dock and Boat Mooring,https://mywildalberta.ca/fishing/fish-stocking/fsm-images/Cottage/Dock%20and%20Boat%20Mooring.jpg
5874,wb5874,Lake View From Shore,https://mywildalberta.ca/fishing/fish-stocking/fsm-images/Cottage/Lake%20View%20From%20Shore.jpg
5874,wb5874,Spring Lake (2),https://mywildalberta.ca/fishing/fish-stocking/fsm-images/Cottage/Spring%20Lake%20(2).JPG
5874,wb5874,Spring Lake canoes on shore,https://mywildalberta.ca/fishing/fish-stocking/fsm-images/Cottage/Spring%20Lake%20canoes%20on%20shore.JPG
5895,wb5895,Star Lake lake overview photo,https://mywildalberta.ca/fishing/fish-stocking/fsm-images/Star%20Lake/Star%20Lake%20lake%20overview%20photo.jpg
5895,wb5895,Star Lake photo from parking area,https://mywildalberta.ca/fishing/fish-stocking/fsm-images/Star%20Lake/Star%20Lake%20photo%20from%20parking%20area.jpg
5901,wb5901,Stenton Lake,https://mywildalberta.ca/fishing/fish-stocking/fsm-images/Stenton%20Lake/Stenton%20Lake.jpg
5901,wb5901,Stenton Lake long view of lake,https://mywildalberta.ca/fishing/fish-stocking/fsm-images/Stenton%20Lake/Stenton%20Lake%20long%20view%20of%20lake.jpg
5901,wb5901,Stenton lake againt the mountain,https://mywildalberta.ca/fishing/fish-stocking/fsm-images/Stenton%20Lake/Stenton%20lake%20againt%20the%20mountain.jpg
5919,wb5919,Boat Launch,https://mywildalberta.ca/fishing/fish-stocking/fsm-images/Strubel%20Lake/Boat%20Launch.jpg
5919,wb5919,Dock,https://mywildalberta.ca/fishing/fish-stocking/fsm-images/Strubel%20Lake/Dock.jpg
5919,wb5919,Open Water View,https://mywildalberta.ca/fishing/fish-stocking/fsm-images/Strubel%20Lake/Open%20Water%20View.jpg
5919,wb5919,View from Dock,https://mywildalberta.ca/fishing/fish-stocking/fsm-images/Strubel%20Lake/View%20from%20Dock.jpg
5919,wb5919,View from shore,https://mywildalberta.ca/fishing/fish-stocking/fsm-images/Strubel%20Lake/View%20from%20shore.jpg
5919,wb5919,Washroom Facilities,https://mywildalberta.ca/fishing/fish-stocking/fsm-images/Strubel%20Lake/Washroom%20Facilities.jpg
5929,wb5929,Sulphur (1),https://mywildalberta.ca/fishing/fish-stocking/fsm-images/Sulphur%20Lake/Sulphur%20(1).jpg
5944,wb5944,Swan Lake during dusk,https://mywildalberta.ca/fishing/fish-stocking/fsm-images/Swan%20Lake/Swan%20Lake%20during%20dusk.JPG
5944,wb5944,Swan Lake information sign,https://mywildalberta.ca/fishing/fish-stocking/fsm-images/Swan%20Lake/Swan%20Lake%20information%20sign.JPG
5944,wb5944,Swan Lake on a cloudy day,https://mywildalberta.ca/fishing/fish-stocking/fsm-images/Swan%20Lake/Swan%20Lake%20on%20a%20cloudy%20day.JPG
5944,wb5944,Swan Lake parking area and facilities,https://mywildalberta.ca/fishing/fish-stocking/fsm-images/Swan%20Lake/Swan%20Lake%20parking%20area%20and%20facilities.JPG
5952,wb5952,Sylvan Lake peir,https://mywildalberta.ca/fishing/fish-stocking/fsm-images/Sylvan%20Lake/Sylvan%20Lake%20peir.jpg
5968,wb5968,Tay Lake (1),https://mywildalberta.ca/fishing/fish-stocking/fsm-images/Tay%20Lake/Tay%20Lake%20(1).jpg
5990,wb5990,Three isle lake fom a distance,https://mywildalberta.ca/fishing/fish-stocking/fsm-images/Three%20Isle%20Lake/Three%20isle%20lake%20fom%20a%20distance.jpg
6039,wb6039,Twin Lakes boat dock and fishing peir,https://mywildalberta.ca/fishing/fish-stocking/fsm-images/Twin%20Lakes/Twin%20Lakes%20boat%20dock%20and%20fishing%20peir.jpg
6039,wb6039,Twin Lakes lake scenery,https://mywildalberta.ca/fishing/fish-stocking/fsm-images/Twin%20Lakes/Twin%20Lakes%20lake%20scenery.jpg
6044,wb6044,East Twin Lake boat dock,https://mywildalberta.ca/fishing/fish-stocking/fsm-images/East%20Twin%20Lake/East%20Twin%20Lake%20boat%20dock.jpg
6044,wb6044,East Twin Lake view from shore,https://mywildalberta.ca/fishing/fish-stocking/fsm-images/East%20Twin%20Lake/East%20Twin%20Lake%20view%20from%20shore.jpg
6061,wb6061,UpperKan (1),https://mywildalberta.ca/fishing/fish-stocking/fsm-images/Upper%20Kananaskis%20Lake/UpperKan%20(1).jpg
6061,wb6061,UpperKan (2),https://mywildalberta.ca/fishing/fish-stocking/fsm-images/Upper%20Kananaskis%20Lake/UpperKan%20(2).jpg
6086,wb6086,Victor (1),https://mywildalberta.ca/fishing/fish-stocking/fsm-images/Victor%20Lake/Victor%20(1).jpg
6086,wb6086,Victor Lake winter,https://mywildalberta.ca/fishing/fish-stocking/fsm-images/Victor%20Lake/Victor%20Lake%20winter.jpg
6524,wb6524,Bank View,https://mywildalberta.ca/fishing/fish-stocking/fsm-images/West%20Dollar%20Lake/Bank%20View.jpg
6524,wb6524,Bank View (2),https://mywildalberta.ca/fishing/fish-stocking/fsm-images/West%20Dollar%20Lake/Bank%20View%20(2).jpg
6524,wb6524,Bank View (3),https://mywildalberta.ca/fishing/fish-stocking/fsm-images/West%20Dollar%20Lake/Bank%20View%20(3).jpg
6524,wb6524,Dock and Lake View,https://mywildalberta.ca/fishing/fish-stocking/fsm-images/West%20Dollar%20Lake/Dock%20and%20Lake%20View.jpg
6524,wb6524,Dollar Lake Information Sign,https://mywildalberta.ca/fishing/fish-stocking/fsm-images/West%20Dollar%20Lake/Dollar%20Lake%20Information%20Sign.jpg
6524,wb6524,Foot Access Trails,https://mywildalberta.ca/fishing/fish-stocking/fsm-images/West%20Dollar%20Lake/Foot%20Access%20Trails.jpg
6524,wb6524,Open water view,https://mywildalberta.ca/fishing/fish-stocking/fsm-images/West%20Dollar%20Lake/Open%20water%20view.jpg
6524,wb6524,Picnic Table,https://mywildalberta.ca/fishing/fish-stocking/fsm-images/West%20Dollar%20Lake/Picnic%20Table.jpg
6524,wb6524,Walking Trail,https://mywildalberta.ca/fishing/fish-stocking/fsm-images/West%20Dollar%20Lake/Walking%20Trail.jpg
6524,wb6524,Washroom Facilites (2),https://mywildalberta.ca/fishing/fish-stocking/fsm-images/West%20Dollar%20Lake/Washroom%20Facilites%20(2).jpg
6524,wb6524,lake View,https://mywildalberta.ca/fishing/fish-stocking/fsm-images/West%20Dollar%20Lake/lake%20View.jpg
6528,wb6528,Lower Chain TGTR,https://mywildalberta.ca/fishing/fish-stocking/fsm-images/Lower%20Chain%20Lake/Lower%20Chain%20TGTR.heic
6528,wb6528,Lower Chain over the water view,https://mywildalberta.ca/fishing/fish-stocking/fsm-images/Lower%20Chain%20Lake/Lower%20Chain%20over%20the%20water%20view.heic
6528,wb6528,Lower Chain water with trees,https://mywildalberta.ca/fishing/fish-stocking/fsm-images/Lower%20Chain%20Lake/Lower%20Chain%20water%20with%20trees.heic
6530,wb6530,Lower Headwall Lake creek flowing into waterbody,https://mywildalberta.ca/fishing/fish-stocking/fsm-images/Lower%20Headwall%20Lake/Lower%20Headwall%20Lake%20creek%20flowing%20into%20waterbody.jpg
6530,wb6530,Lower Headwall Lake testing out the water,https://mywildalberta.ca/fishing/fish-stocking/fsm-images/Lower%20Headwall%20Lake/Lower%20Headwall%20Lake%20testing%20out%20the%20water.jpg
6533,wb6533,Pierre Grey's Lake #2 boat and fishing dock,https://mywildalberta.ca/fishing/fish-stocking/fsm-images/Middle%20Pierre%20Greys%20Lake/Pierre%20Grey's%20Lake%20%232%20boat%20and%20fishing%20dock.jpg
6534,wb6534,Pierre Gray's Lake #1 hand boat launch and reeds,https://mywildalberta.ca/fishing/fish-stocking/fsm-images/Lower%20Pierre%20Greys%20Lake/Pierre%20Gray's%20Lake%20%231%20hand%20boat%20launch%20and%20reeds.jpg
6534,wb6534,Pierre Grey's Lake #1 hand boat launch,https://mywildalberta.ca/fishing/fish-stocking/fsm-images/Lower%20Pierre%20Greys%20Lake/Pierre%20Grey's%20Lake%20%231%20hand%20boat%20launch.jpg
6534,wb6534,Pierre Grey's Lake #1 signage and cook chack,https://mywildalberta.ca/fishing/fish-stocking/fsm-images/Lower%20Pierre%20Greys%20Lake/Pierre%20Grey's%20Lake%20%231%20signage%20and%20cook%20chack.jpg
6534,wb6534,Pierre Grey's Lake hand launch boat access,https://mywildalberta.ca/fishing/fish-stocking/fsm-images/Lower%20Pierre%20Greys%20Lake/Pierre%20Grey's%20Lake%20hand%20launch%20boat%20access.jpg
6535,wb6535,North Two Lake,https://mywildalberta.ca/fishing/fish-stocking/fsm-images/North%20Two%20Lake/North%20Two%20Lake.jpg
6535,wb6535,Two Lake (1),https://mywildalberta.ca/fishing/fish-stocking/fsm-images/North%20Two%20Lake/Two%20Lake%20(1).jpg
6541,wb6541,Hogarth Lakes ariel view,https://mywildalberta.ca/fishing/fish-stocking/fsm-images/Lower%20Hogarth%20Lake/Hogarth%20Lakes%20ariel%20view.jpg
6601,wb6601,Yellowhead (1),https://mywildalberta.ca/fishing/fish-stocking/fsm-images/Yellowhead%20Lake/Yellowhead%20(1).JPG
6605,wb6605,Lower Smuts Lake,https://mywildalberta.ca/fishing/fish-stocking/fsm-images/Lower%20Smuts%20Lake/Lower%20Smuts%20Lake.jpg
6606,wb6606,Upper Smuts Lake (1),https://mywildalberta.ca/fishing/fish-stocking/fsm-images/Upper%20Smuts%20Lake/Upper%20Smuts%20Lake%20(1).jpg
6607,wb6607,Upper Champion (1),https://mywildalberta.ca/fishing/fish-stocking/fsm-images/Upper%20Champion%20Lake/Upper%20Champion%20(1).JPG
6607,wb6607,Upper Champion (2),https://mywildalberta.ca/fishing/fish-stocking/fsm-images/Upper%20Champion%20Lake/Upper%20Champion%20(2).JPG
6608,wb6608,Lower Champion Lake,https://mywildalberta.ca/fishing/fish-stocking/fsm-images/Lower%20Champion%20Lake/Lower%20Champion%20Lake.JPG
6608,wb6608,Lower Champion back pack fishing,https://mywildalberta.ca/fishing/fish-stocking/fsm-images/Lower%20Champion%20Lake/Lower%20Champion%20back%20pack%20fishing.JPG
6608,wb6608,Lower Champion with a fallen tree,https://mywildalberta.ca/fishing/fish-stocking/fsm-images/Lower%20Champion%20Lake/Lower%20Champion%20with%20a%20fallen%20tree.JPG
6609,wb6609,Weberville (2),https://mywildalberta.ca/fishing/fish-stocking/fsm-images/Weberville%20Pond/Weberville%20(2).jpg
6609,wb6609,Weberville picnic area,https://mywildalberta.ca/fishing/fish-stocking/fsm-images/Weberville%20Pond/Weberville%20picnic%20area.jpg
6617,wb6617,Bathroom Facilites,https://mywildalberta.ca/fishing/fish-stocking/fsm-images/Winchell%20Lake/Bathroom%20Facilites.jpg
6617,wb6617,Lake Sign,https://mywildalberta.ca/fishing/fish-stocking/fsm-images/Winchell%20Lake/Lake%20Sign.jpg
6617,wb6617,Picnic Bench Spot,https://mywildalberta.ca/fishing/fish-stocking/fsm-images/Winchell%20Lake/Picnic%20Bench%20Spot.jpg
6617,wb6617,Tributary,https://mywildalberta.ca/fishing/fish-stocking/fsm-images/Winchell%20Lake/Tributary.jpg
6617,wb6617,View from Shore,https://mywildalberta.ca/fishing/fish-stocking/fsm-images/Winchell%20Lake/View%20from%20Shore.jpg
6617,wb6617,View from Shore (2),https://mywildalberta.ca/fishing/fish-stocking/fsm-images/Winchell%20Lake/View%20from%20Shore%20(2).jpg
6617,wb6617,View from Shore (3),https://mywildalberta.ca/fishing/fish-stocking/fsm-images/Winchell%20Lake/View%20from%20Shore%20(3).jpg
6617,wb6617,Wildlife Information sign,https://mywildalberta.ca/fishing/fish-stocking/fsm-images/Winchell%20Lake/Wildlife%20Information%20sign.jpg
6625,wb6625,Wildwood (1),https://mywildalberta.ca/fishing/fish-stocking/fsm-images/Wildwood%20Pond/Wildwood%20(1).jpg
6626,wb6626,Wolf Creek (1),https://mywildalberta.ca/fishing/fish-stocking/fsm-images/Wolf%20Creek%20Pond/Wolf%20Creek%20(1).JPG
6636,wb6636,Texaco  East Pond from shore,https://mywildalberta.ca/fishing/fish-stocking/fsm-images/Texaco%20East%20Pond/Texaco%20%20East%20Pond%20from%20shore.jpg
6637,wb6637,Texaco Pond (1),https://mywildalberta.ca/fishing/fish-stocking/fsm-images/Texaco%20Pond/Texaco%20Pond%20(1).jpg
6637,wb6637,Texaco Pond (2),https://mywildalberta.ca/fishing/fish-stocking/fsm-images/Texaco%20Pond/Texaco%20Pond%20(2).jpg
6642,wb6642,Mile 7 Lake lake overview zoomed in,https://mywildalberta.ca/fishing/fish-stocking/fsm-images/Mile%2007%20Lake/Mile%207%20Lake%20lake%20overview%20zoomed%20in.jpg
6642,wb6642,Mile 7 Lake overview,https://mywildalberta.ca/fishing/fish-stocking/fsm-images/Mile%2007%20Lake/Mile%207%20Lake%20overview.JPG
6642,wb6642,Mile 7 Lake sandy beach,https://mywildalberta.ca/fishing/fish-stocking/fsm-images/Mile%2007%20Lake/Mile%207%20Lake%20sandy%20beach.JPG
6642,wb6642,Mile 7 stocking,https://mywildalberta.ca/fishing/fish-stocking/fsm-images/Mile%2007%20Lake/Mile%207%20stocking.JPG
6647,wb6647,Ninton Pond (1),https://mywildalberta.ca/fishing/fish-stocking/fsm-images/Niton%20Lake/Ninton%20Pond%20(1).jpg
6651,wb6651,Silkstone pond blue sky,https://mywildalberta.ca/fishing/fish-stocking/fsm-images/Silkstone%20Lake/Silkstone%20pond%20blue%20sky.JPG
6651,wb6651,Silkstone pond shore and lake view,https://mywildalberta.ca/fishing/fish-stocking/fsm-images/Silkstone%20Lake/Silkstone%20pond%20shore%20and%20lake%20view.JPG
6654,wb6654,Kinglet Lake ariel view,https://mywildalberta.ca/fishing/fish-stocking/fsm-images/Kinglet%20Lake/Kinglet%20Lake%20ariel%20view.jpg
6658,wb6658,Lovette Lake,https://mywildalberta.ca/fishing/fish-stocking/fsm-images/Lovett%20Lake/Lovette%20Lake.JPG
6658,wb6658,Lovette shore view,https://mywildalberta.ca/fishing/fish-stocking/fsm-images/Lovett%20Lake/Lovette%20shore%20view.JPG
6659,wb6659,Dandurant opposite shore view,https://mywildalberta.ca/fishing/fish-stocking/fsm-images/Dandurand%20Lake/Dandurant%20opposite%20shore%20view.JPG
6659,wb6659,Dandurant shore view,https://mywildalberta.ca/fishing/fish-stocking/fsm-images/Dandurand%20Lake/Dandurant%20shore%20view.JPG
6668,wb6668,Hwy 63 Pond muddy parking lot in spring,https://mywildalberta.ca/fishing/fish-stocking/fsm-images/Highway%2063%20Pond/Hwy%2063%20Pond%20muddy%20parking%20lot%20in%20spring.jpg
6668,wb6668,Hwy 63 Pond overview,https://mywildalberta.ca/fishing/fish-stocking/fsm-images/Highway%2063%20Pond/Hwy%2063%20Pond%20overview.jpg
6669,wb6669,Horseshoe Lake reeds,https://mywildalberta.ca/fishing/fish-stocking/fsm-images/Horseshoe%20Lake/Horseshoe%20Lake%20reeds.JPG
6669,wb6669,Horseshoe lake water,https://mywildalberta.ca/fishing/fish-stocking/fsm-images/Horseshoe%20Lake/Horseshoe%20lake%20water.JPG
6669,wb6669,Horseshoe stocking,https://mywildalberta.ca/fishing/fish-stocking/fsm-images/Horseshoe%20Lake/Horseshoe%20stocking.JPG
6684,wb6684,Montaganeusse lake,https://mywildalberta.ca/fishing/fish-stocking/fsm-images/Stoney%20Lake/Montaganeusse%20lake.jpg
6684,wb6684,Montagneuse Lake,https://mywildalberta.ca/fishing/fish-stocking/fsm-images/Stoney%20Lake/Montagneuse%20Lake.jpg
6688,wb6688,Shuster Lake shore and water view,https://mywildalberta.ca/fishing/fish-stocking/fsm-images/Shuster%20Lake/Shuster%20Lake%20shore%20and%20water%20view.jpg
6688,wb6688,Shuster Lake water view,https://mywildalberta.ca/fishing/fish-stocking/fsm-images/Shuster%20Lake/Shuster%20Lake%20water%20view.JPG
6692,wb6692,Spring Coulee (1),https://mywildalberta.ca/fishing/fish-stocking/fsm-images/Spring%20Coulee%20Park%20Pond/Spring%20Coulee%20(1).jpg
6692,wb6692,Spring Coulee Campground (5),https://mywildalberta.ca/fishing/fish-stocking/fsm-images/Spring%20Coulee%20Park%20Pond/Spring%20Coulee%20Campground%20(5).jpg
6692,wb6692,Spring Coulee winter view,https://mywildalberta.ca/fishing/fish-stocking/fsm-images/Spring%20Coulee%20Park%20Pond/Spring%20Coulee%20winter%20view.jpg
6695,wb6695,Angler sign,https://mywildalberta.ca/fishing/fish-stocking/fsm-images/Sardine%20Lake/Angler%20sign.jpg
6695,wb6695,Dock,https://mywildalberta.ca/fishing/fish-stocking/fsm-images/Sardine%20Lake/Dock.jpg
6695,wb6695,Dock (2),https://mywildalberta.ca/fishing/fish-stocking/fsm-images/Sardine%20Lake/Dock%20(2).jpg
6695,wb6695,Lake and dock,https://mywildalberta.ca/fishing/fish-stocking/fsm-images/Sardine%20Lake/Lake%20and%20dock.jpg
6695,wb6695,Lake view from shore 92),https://mywildalberta.ca/fishing/fish-stocking/fsm-images/Sardine%20Lake/Lake%20view%20from%20shore%2092).jpg
6695,wb6695,Lakeview from shore,https://mywildalberta.ca/fishing/fish-stocking/fsm-images/Sardine%20Lake/Lakeview%20from%20shore.jpg
6695,wb6695,Washroom Facilities,https://mywildalberta.ca/fishing/fish-stocking/fsm-images/Sardine%20Lake/Washroom%20Facilities.jpg
6695,wb6695,lake View from Shore,https://mywildalberta.ca/fishing/fish-stocking/fsm-images/Sardine%20Lake/lake%20View%20from%20Shore.jpg
6695,wb6695,lake View open Water,https://mywildalberta.ca/fishing/fish-stocking/fsm-images/Sardine%20Lake/lake%20View%20open%20Water.jpg
6695,wb6695,park Sign,https://mywildalberta.ca/fishing/fish-stocking/fsm-images/Sardine%20Lake/park%20Sign.jpg
6695,wb6695,parking,https://mywildalberta.ca/fishing/fish-stocking/fsm-images/Sardine%20Lake/parking.jpg
6697,wb6697,Severn Lake (1),https://mywildalberta.ca/fishing/fish-stocking/fsm-images/Severn%20Creek%20Reservoir/Severn%20Lake%20(1).jpg
6699,wb6699,Shemeluk (1),https://mywildalberta.ca/fishing/fish-stocking/fsm-images/Shemeluk%20Lake/Shemeluk%20(1).JPG
6699,wb6699,Shemeluk (2),https://mywildalberta.ca/fishing/fish-stocking/fsm-images/Shemeluk%20Lake/Shemeluk%20(2).JPG
6702,wb6702,Rat Lake dock looking onto the water,https://mywildalberta.ca/fishing/fish-stocking/fsm-images/Rat%20Lake/Rat%20Lake%20dock%20looking%20onto%20the%20water.jpg
6705,wb6705,Rainbow Lake (1),https://mywildalberta.ca/fishing/fish-stocking/fsm-images/Rainbow%20Lake%20Pond/Rainbow%20Lake%20(1).JPG
6705,wb6705,Rainbow Lake Midday sun,https://mywildalberta.ca/fishing/fish-stocking/fsm-images/Rainbow%20Lake%20Pond/Rainbow%20Lake%20Midday%20sun.jpg
6705,wb6705,Rainbow Lake Playground,https://mywildalberta.ca/fishing/fish-stocking/fsm-images/Rainbow%20Lake%20Pond/Rainbow%20Lake%20Playground.jpg
6705,wb6705,Rainbow Lake fish stocking,https://mywildalberta.ca/fishing/fish-stocking/fsm-images/Rainbow%20Lake%20Pond/Rainbow%20Lake%20fish%20stocking.jpg
6705,wb6705,Rainbow lake stocking in the sunset,https://mywildalberta.ca/fishing/fish-stocking/fsm-images/Rainbow%20Lake%20Pond/Rainbow%20lake%20stocking%20in%20the%20sunset.jpg
6705,wb6705,Rainbow lake sunset,https://mywildalberta.ca/fishing/fish-stocking/fsm-images/Rainbow%20Lake%20Pond/Rainbow%20lake%20sunset.jpg
6721,wb6721,Peace Pond #1,https://mywildalberta.ca/fishing/fish-stocking/fsm-images/MD%20Peace%20Pond%20%231/Peace%20Pond%20%231.jpg
6726,wb6726,Open Creek Reservoir facilities,https://mywildalberta.ca/fishing/fish-stocking/fsm-images/Open%20Creek%20Reservoir/Open%20Creek%20Reservoir%20facilities.jpg
6726,wb6726,Open Creek dock and fishing peir,https://mywildalberta.ca/fishing/fish-stocking/fsm-images/Open%20Creek%20Reservoir/Open%20Creek%20dock%20and%20fishing%20peir.jpg
6726,wb6726,Open Creek lake overview,https://mywildalberta.ca/fishing/fish-stocking/fsm-images/Open%20Creek%20Reservoir/Open%20Creek%20lake%20overview.JPG
6726,wb6726,Open Creek veiw point,https://mywildalberta.ca/fishing/fish-stocking/fsm-images/Open%20Creek%20Reservoir/Open%20Creek%20veiw%20point.jpg
6726,wb6726,Open creek day use cook shak and view point,https://mywildalberta.ca/fishing/fish-stocking/fsm-images/Open%20Creek%20Reservoir/Open%20creek%20day%20use%20cook%20shak%20and%20view%20point.jpg
6726,wb6726,Open creek playground area,https://mywildalberta.ca/fishing/fish-stocking/fsm-images/Open%20Creek%20Reservoir/Open%20creek%20playground%20area.jpg
6730,wb6730,Muskoseepi overview,https://mywildalberta.ca/fishing/fish-stocking/fsm-images/Muskoseepi%20Pond/Muskoseepi%20overview.jpg
6730,wb6730,Muskoseepi pavilion,https://mywildalberta.ca/fishing/fish-stocking/fsm-images/Muskoseepi%20Pond/Muskoseepi%20pavilion.jpg
6732,wb6732,Nardam  (1),https://mywildalberta.ca/fishing/fish-stocking/fsm-images/Nardam%20Lake/Nardam%20%20(1).jpg
6732,wb6732,Nardam (2),https://mywildalberta.ca/fishing/fish-stocking/fsm-images/Nardam%20Lake/Nardam%20(2).jpg
6732,wb6732,Nardam (3),https://mywildalberta.ca/fishing/fish-stocking/fsm-images/Nardam%20Lake/Nardam%20(3).jpg
6732,wb6732,Nardum (4),https://mywildalberta.ca/fishing/fish-stocking/fsm-images/Nardam%20Lake/Nardum%20(4).jpg
6734,wb6734,NIcolas Sheran boat launch,https://mywildalberta.ca/fishing/fish-stocking/fsm-images/Nicholas%20Sheran%20Park%20Pond/NIcolas%20Sheran%20boat%20launch.jpg
6734,wb6734,NIcolas Sheran stocking truck beside lake,https://mywildalberta.ca/fishing/fish-stocking/fsm-images/Nicholas%20Sheran%20Park%20Pond/NIcolas%20Sheran%20stocking%20truck%20beside%20lake.jpg
6734,wb6734,Nicolas Sheran stocking fish into pond,https://mywildalberta.ca/fishing/fish-stocking/fsm-images/Nicholas%20Sheran%20Park%20Pond/Nicolas%20Sheran%20stocking%20fish%20into%20pond.jpg
6734,wb6734,Nicolas Sheran stocking hose in water,https://mywildalberta.ca/fishing/fish-stocking/fsm-images/Nicholas%20Sheran%20Park%20Pond/Nicolas%20Sheran%20stocking%20hose%20in%20water.jpg
6734,wb6734,Nicolas Sheran stocking truck and trailer stocking fish,https://mywildalberta.ca/fishing/fish-stocking/fsm-images/Nicholas%20Sheran%20Park%20Pond/Nicolas%20Sheran%20stocking%20truck%20and%20trailer%20stocking%20fish.jpg
6736,wb6736,Morinville Fish and Game Pond (2),https://mywildalberta.ca/fishing/fish-stocking/fsm-images/Morinville%20Fish%20and%20Game%20Pond/Morinville%20Fish%20and%20Game%20Pond%20(2).JPG
6736,wb6736,Morinville Fish and Game Pond fighing peir,https://mywildalberta.ca/fishing/fish-stocking/fsm-images/Morinville%20Fish%20and%20Game%20Pond/Morinville%20Fish%20and%20Game%20Pond%20fighing%20peir.JPG
6736,wb6736,Morinville Lake picture from shore,https://mywildalberta.ca/fishing/fish-stocking/fsm-images/Morinville%20Fish%20and%20Game%20Pond/Morinville%20Lake%20picture%20from%20shore.jpg
6750,wb6750,Machesis Lake,https://mywildalberta.ca/fishing/fish-stocking/fsm-images/Machesis%20Lake/Machesis%20Lake.jpg
6755,wb6755,IMG 0364,https://mywildalberta.ca/fishing/fish-stocking/fsm-images/McLaren's%20Reservoir/IMG_0364.JPG
6755,wb6755,McLarens Reservoir  pelican swimming,https://mywildalberta.ca/fishing/fish-stocking/fsm-images/McLaren's%20Reservoir/McLarens%20Reservoir%20%20pelican%20swimming.JPG
6755,wb6755,McLarens east bank at campground,https://mywildalberta.ca/fishing/fish-stocking/fsm-images/McLaren's%20Reservoir/McLarens%20east%20bank%20at%20campground.JPG
6755,wb6755,McLarens edge of farmers field,https://mywildalberta.ca/fishing/fish-stocking/fsm-images/McLaren's%20Reservoir/McLarens%20edge%20of%20farmers%20field.JPG
6755,wb6755,Mclarens Reservoir reeds,https://mywildalberta.ca/fishing/fish-stocking/fsm-images/McLaren's%20Reservoir/Mclarens%20Reservoir%20reeds.JPG
6758,wb6758,McVinnie parking area and facilities,https://mywildalberta.ca/fishing/fish-stocking/fsm-images/McVinnie%20Reservoir/McVinnie%20parking%20area%20and%20facilities.JPG
6758,wb6758,McVinnie winter view of lake,https://mywildalberta.ca/fishing/fish-stocking/fsm-images/McVinnie%20Reservoir/McVinnie%20winter%20view%20of%20lake.JPG
6764,wb6764,Leduc Pond primitie hand launch,https://mywildalberta.ca/fishing/fish-stocking/fsm-images/Leduc%20Reservoir/Leduc%20Pond%20primitie%20hand%20launch.jpg
6764,wb6764,Leduc trout pond bay area,https://mywildalberta.ca/fishing/fish-stocking/fsm-images/Leduc%20Reservoir/Leduc%20trout%20pond%20bay%20area.jpg
6764,wb6764,Leduc trout pond playground area,https://mywildalberta.ca/fishing/fish-stocking/fsm-images/Leduc%20Reservoir/Leduc%20trout%20pond%20playground%20area.jpg
6770,wb6770,Kerbe Entrance sign,https://mywildalberta.ca/fishing/fish-stocking/fsm-images/Kerbe's%20Pond/Kerbe%20Entrance%20sign.jpg
6770,wb6770,Kerbe's Pond Boat Launch,https://mywildalberta.ca/fishing/fish-stocking/fsm-images/Kerbe's%20Pond/Kerbe's%20Pond%20Boat%20Launch.jpg
6770,wb6770,Kerbes Pond,https://mywildalberta.ca/fishing/fish-stocking/fsm-images/Kerbe's%20Pond/Kerbes%20Pond.jpg
6770,wb6770,Kerbes Pond (2),https://mywildalberta.ca/fishing/fish-stocking/fsm-images/Kerbe's%20Pond/Kerbes%20Pond%20(2).jpg
6770,wb6770,Kerbes Pond (3),https://mywildalberta.ca/fishing/fish-stocking/fsm-images/Kerbe's%20Pond/Kerbes%20Pond%20(3).jpg
6770,wb6770,Kerbes Pond (4),https://mywildalberta.ca/fishing/fish-stocking/fsm-images/Kerbe's%20Pond/Kerbes%20Pond%20(4).jpg
6770,wb6770,Kerbes Pond Entrance,https://mywildalberta.ca/fishing/fish-stocking/fsm-images/Kerbe's%20Pond/Kerbes%20Pond%20Entrance.jpg
6770,wb6770,Kerbes Pond Out House,https://mywildalberta.ca/fishing/fish-stocking/fsm-images/Kerbe's%20Pond/Kerbes%20Pond%20Out%20House.jpg
6770,wb6770,Kerbes Pond Side View,https://mywildalberta.ca/fishing/fish-stocking/fsm-images/Kerbe's%20Pond/Kerbes%20Pond%20Side%20View.jpg
6770,wb6770,Kerbes Pond Tiger Trout Sign,https://mywildalberta.ca/fishing/fish-stocking/fsm-images/Kerbe's%20Pond/Kerbes%20Pond%20Tiger%20Trout%20Sign.jpg
6770,wb6770,Kerbes Pond Wide View,https://mywildalberta.ca/fishing/fish-stocking/fsm-images/Kerbe's%20Pond/Kerbes%20Pond%20Wide%20View.jpg
6774,wb6774,Kramer Pond Lake view with shore line,https://mywildalberta.ca/fishing/fish-stocking/fsm-images/Kramer%20Pond/Kramer%20Pond%20Lake%20view%20with%20shore%20line.JPG
6774,wb6774,Kramer Pond fence line,https://mywildalberta.ca/fishing/fish-stocking/fsm-images/Kramer%20Pond/Kramer%20Pond%20fence%20line.JPG
6774,wb6774,Kramer Pond lake view,https://mywildalberta.ca/fishing/fish-stocking/fsm-images/Kramer%20Pond/Kramer%20Pond%20lake%20view.JPG
6774,wb6774,Kramer Pond shore line from fishing,https://mywildalberta.ca/fishing/fish-stocking/fsm-images/Kramer%20Pond/Kramer%20Pond%20shore%20line%20from%20fishing.JPG
6778,wb6778,Cecil Thompson 4,https://mywildalberta.ca/fishing/fish-stocking/fsm-images/Cecil%20Thompson%20Pond/Cecil%20Thompson%204.jpg
6778,wb6778,Cecil Thompson pond view,https://mywildalberta.ca/fishing/fish-stocking/fsm-images/Cecil%20Thompson%20Pond/Cecil%20Thompson%20pond%20view.jpg
6778,wb6778,Cecil Thompson view of the parking lot and day area,https://mywildalberta.ca/fishing/fish-stocking/fsm-images/Cecil%20Thompson%20Pond/Cecil%20Thompson%20view%20of%20the%20parking%20lot%20and%20day%20area.jpg
6780,wb6780,Huber Boat Launch,https://mywildalberta.ca/fishing/fish-stocking/fsm-images/Huber%20Reservoir/Huber%20Boat%20Launch.jpg
6780,wb6780,Huber Campground (Closeup),https://mywildalberta.ca/fishing/fish-stocking/fsm-images/Huber%20Reservoir/Huber%20Campground%20(Closeup).jpg
6780,wb6780,Huber Channel narrow channel,https://mywildalberta.ca/fishing/fish-stocking/fsm-images/Huber%20Reservoir/Huber%20Channel%20narrow%20channel.jpg
6780,wb6780,Huber Infrastructure,https://mywildalberta.ca/fishing/fish-stocking/fsm-images/Huber%20Reservoir/Huber%20Infrastructure.jpg
6780,wb6780,Huber Infrastructure (Wide angle),https://mywildalberta.ca/fishing/fish-stocking/fsm-images/Huber%20Reservoir/Huber%20Infrastructure%20(Wide%20angle).jpg
6780,wb6780,Huber Lake water,https://mywildalberta.ca/fishing/fish-stocking/fsm-images/Huber%20Reservoir/Huber%20Lake%20water.jpg
6780,wb6780,Huber Reservoir (2),https://mywildalberta.ca/fishing/fish-stocking/fsm-images/Huber%20Reservoir/Huber%20Reservoir%20(2).JPG
6780,wb6780,Huber Reservoir facilities,https://mywildalberta.ca/fishing/fish-stocking/fsm-images/Huber%20Reservoir/Huber%20Reservoir%20facilities.jpg
6780,wb6780,Huber lake clouds over water,https://mywildalberta.ca/fishing/fish-stocking/fsm-images/Huber%20Reservoir/Huber%20lake%20clouds%20over%20water.jpg
6786,wb6786,Ironside Lake,https://mywildalberta.ca/fishing/fish-stocking/fsm-images/Ironside%20Pond/Ironside%20Lake.JPG
6786,wb6786,Ironside Lake with trees and fenceline,https://mywildalberta.ca/fishing/fish-stocking/fsm-images/Ironside%20Pond/Ironside%20Lake%20with%20trees%20and%20fenceline.JPG
6788,wb6788,Jarvis Pond fishing dock,https://mywildalberta.ca/fishing/fish-stocking/fsm-images/Jarvis%20Creek%20Pond/Jarvis%20Pond%20fishing%20dock.jpg
6788,wb6788,Jarvis Pond view from trail leading to lake,https://mywildalberta.ca/fishing/fish-stocking/fsm-images/Jarvis%20Creek%20Pond/Jarvis%20Pond%20view%20from%20trail%20leading%20to%20lake.jpg
6791,wb6791,Hermitage Pond boat lauch and more of water,https://mywildalberta.ca/fishing/fish-stocking/fsm-images/Hermitage%20Park%20Pond/Hermitage%20Pond%20boat%20lauch%20and%20more%20of%20water.jpg
6791,wb6791,Hermitage Pond boat launch and dock,https://mywildalberta.ca/fishing/fish-stocking/fsm-images/Hermitage%20Park%20Pond/Hermitage%20Pond%20boat%20launch%20and%20dock.jpg
6794,wb6794,Highway 40 (3),https://mywildalberta.ca/fishing/fish-stocking/fsm-images/Highway%2040%20Pond/Highway%2040%20(3).jpg
6794,wb6794,Highway 40 Pond view from shoreline,https://mywildalberta.ca/fishing/fish-stocking/fsm-images/Highway%2040%20Pond/Highway%2040%20Pond%20view%20from%20shoreline.jpg
6794,wb6794,Highway 40 Pond view from the shore,https://mywildalberta.ca/fishing/fish-stocking/fsm-images/Highway%2040%20Pond/Highway%2040%20Pond%20view%20from%20the%20shore.jpg
6794,wb6794,Hwy 40 Pond picture from shoreline,https://mywildalberta.ca/fishing/fish-stocking/fsm-images/Highway%2040%20Pond/Hwy%2040%20Pond%20picture%20from%20shoreline.jpg
6795,wb6795,Highway 686 Pond clear view from shore,https://mywildalberta.ca/fishing/fish-stocking/fsm-images/Highway%20686%20Pond/Highway%20686%20Pond%20clear%20view%20from%20shore.jpg
6795,wb6795,Highway 686 Pond small tree in photo,https://mywildalberta.ca/fishing/fish-stocking/fsm-images/Highway%20686%20Pond/Highway%20686%20Pond%20small%20tree%20in%20photo.jpg
6795,wb6795,Highway 686 pond reeds aroinf the shore,https://mywildalberta.ca/fishing/fish-stocking/fsm-images/Highway%20686%20Pond/Highway%20686%20pond%20reeds%20aroinf%20the%20shore.jpg
6796,wb6796,Hiller's reservoir porta,https://mywildalberta.ca/fishing/fish-stocking/fsm-images/Hiller's%20Reservoir/Hiller's%20reservoir%20porta.jpg
6796,wb6796,Hiller's reservoir road around the reservoir,https://mywildalberta.ca/fishing/fish-stocking/fsm-images/Hiller's%20Reservoir/Hiller's%20reservoir%20road%20around%20the%20reservoir.jpg
6796,wb6796,Hillers Reservoir spring season,https://mywildalberta.ca/fishing/fish-stocking/fsm-images/Hiller's%20Reservoir/Hillers%20Reservoir%20spring%20season.jpg
6808,wb6808,Harleck Pond view from highway,https://mywildalberta.ca/fishing/fish-stocking/fsm-images/Harleck%20Pond/Harleck%20Pond%20view%20from%20highway.JPG
6815,wb6815,Fox Creek Pond (1),https://mywildalberta.ca/fishing/fish-stocking/fsm-images/Fox%20Creek%20Trout%20Pond/Fox%20Creek%20Pond%20(1).JPG
6815,wb6815,Fox Creek Pond after fire,https://mywildalberta.ca/fishing/fish-stocking/fsm-images/Fox%20Creek%20Trout%20Pond/Fox%20Creek%20Pond%20after%20fire.jpg
6820,wb6820,Elk Creek Pond,https://mywildalberta.ca/fishing/fish-stocking/fsm-images/Elk%20Creek%20Pond/Elk%20Creek%20Pond.JPG
6822,wb6822,Emerson Pond shore line,https://mywildalberta.ca/fishing/fish-stocking/fsm-images/Emerson%20Lake/Emerson%20Pond%20shore%20line.JPG
6822,wb6822,Emerson Pond walking path around lake,https://mywildalberta.ca/fishing/fish-stocking/fsm-images/Emerson%20Lake/Emerson%20Pond%20walking%20path%20around%20lake.JPG
6823,wb6823,Enchant (2),https://mywildalberta.ca/fishing/fish-stocking/fsm-images/Enchant%20Pond/Enchant%20(2).jpg
6825,wb6825,Fairview College Pond facing golf course,https://mywildalberta.ca/fishing/fish-stocking/fsm-images/Fairview%20College%20Pond/Fairview%20College%20Pond%20facing%20golf%20course.jpg
6825,wb6825,Fairview College another view across the pond,https://mywildalberta.ca/fishing/fish-stocking/fsm-images/Fairview%20College%20Pond/Fairview%20College%20another%20view%20across%20the%20pond.jpg
6825,wb6825,Fairview College looking at industrial area,https://mywildalberta.ca/fishing/fish-stocking/fsm-images/Fairview%20College%20Pond/Fairview%20College%20looking%20at%20industrial%20area.jpg
6825,wb6825,Fairview College shore fishing,https://mywildalberta.ca/fishing/fish-stocking/fsm-images/Fairview%20College%20Pond/Fairview%20College%20shore%20fishing.jpg
6827,wb6827,Figure Eight (1),https://mywildalberta.ca/fishing/fish-stocking/fsm-images/Figure%20Eight%20Lake/Figure%20Eight%20(1).jpg
6827,wb6827,Figure Eight (2),https://mywildalberta.ca/fishing/fish-stocking/fsm-images/Figure%20Eight%20Lake/Figure%20Eight%20(2).jpg
6827,wb6827,Figure Eight (3),https://mywildalberta.ca/fishing/fish-stocking/fsm-images/Figure%20Eight%20Lake/Figure%20Eight%20(3).jpg
6827,wb6827,Figure Eight (4),https://mywildalberta.ca/fishing/fish-stocking/fsm-images/Figure%20Eight%20Lake/Figure%20Eight%20(4).jpg
6830,wb6830,Footner Pond,https://mywildalberta.ca/fishing/fish-stocking/fsm-images/Footner%20Pond/Footner%20Pond.jpg
6830,wb6830,footner pond with picnic tables,https://mywildalberta.ca/fishing/fish-stocking/fsm-images/Footner%20Pond/footner%20pond%20with%20picnic%20tables.jpg
6830,wb6830,footner pond with trees in the back ground,https://mywildalberta.ca/fishing/fish-stocking/fsm-images/Footner%20Pond/footner%20pond%20with%20trees%20in%20the%20back%20ground.jpg
6831,wb6831,Foremost Reservoir (3),https://mywildalberta.ca/fishing/fish-stocking/fsm-images/Foremost%20Reservoir/Foremost%20Reservoir%20(3).JPG
6833,wb6833,Diplomat Mine Site (7),https://mywildalberta.ca/fishing/fish-stocking/fsm-images/Diplomat%20Mine%20Pond/Diplomat%20Mine%20Site%20(7).JPG
6833,wb6833,Diplomat Mine site info,https://mywildalberta.ca/fishing/fish-stocking/fsm-images/Diplomat%20Mine%20Pond/Diplomat%20Mine%20site%20info.JPG
6833,wb6833,Spring 2019,https://mywildalberta.ca/fishing/fish-stocking/fsm-images/Diplomat%20Mine%20Pond/Spring%202019.jpg
6836,wb6836,Dormer Lake 2025,https://mywildalberta.ca/fishing/fish-stocking/fsm-images/Dormer%20Lake/Dormer%20Lake%202025.heic
6836,wb6836,Dormer Lake BNTR 2025,https://mywildalberta.ca/fishing/fish-stocking/fsm-images/Dormer%20Lake/Dormer%20Lake%20BNTR%202025.heic
6840,wb6840,East Pit (4),https://mywildalberta.ca/fishing/fish-stocking/fsm-images/East%20Pit%20Lake/East%20Pit%20(4).jpg
6840,wb6840,East Pit lake narrow view,https://mywildalberta.ca/fishing/fish-stocking/fsm-images/East%20Pit%20Lake/East%20Pit%20lake%20narrow%20view.JPG
6840,wb6840,East Pit mine scoop,https://mywildalberta.ca/fishing/fish-stocking/fsm-images/East%20Pit%20Lake/East%20Pit%20mine%20scoop.JPG
6840,wb6840,East Pit wide view,https://mywildalberta.ca/fishing/fish-stocking/fsm-images/East%20Pit%20Lake/East%20Pit%20wide%20view.jpg
6844,wb6844,Dickson Dam Trout Pond lake view,https://mywildalberta.ca/fishing/fish-stocking/fsm-images/Dickson%20Trout%20Pond/Dickson%20Dam%20Trout%20Pond%20lake%20view.jpg
6844,wb6844,Dickson Dam Trout Pond lake with boat view,https://mywildalberta.ca/fishing/fish-stocking/fsm-images/Dickson%20Trout%20Pond/Dickson%20Dam%20Trout%20Pond%20lake%20with%20boat%20view.jpg
6845,wb6845,Coronation Reservoir,https://mywildalberta.ca/fishing/fish-stocking/fsm-images/Coronation%20Reservoir/Coronation%20Reservoir.JPG
6858,wb6858,Coleman Fish&Game Pond from parking area looking onto lake,https://mywildalberta.ca/fishing/fish-stocking/fsm-images/Coleman%20Fish%20and%20Game%20Pond/Coleman%20Fish%26Game%20Pond%20from%20parking%20area%20looking%20onto%20lake.jpg
6858,wb6858,Coleman Fish&Game Pond lake view,https://mywildalberta.ca/fishing/fish-stocking/fsm-images/Coleman%20Fish%20and%20Game%20Pond/Coleman%20Fish%26Game%20Pond%20lake%20view.jpg
6868,wb6868,Cardiff Park Pond,https://mywildalberta.ca/fishing/fish-stocking/fsm-images/Cardiff%20Park%20Pond/Cardiff%20Park%20Pond.jpg
6868,wb6868,Pond Access,https://mywildalberta.ca/fishing/fish-stocking/fsm-images/Cardiff%20Park%20Pond/Pond%20Access.jpg
6868,wb6868,Pond Entire View,https://mywildalberta.ca/fishing/fish-stocking/fsm-images/Cardiff%20Park%20Pond/Pond%20Entire%20View.jpg
6868,wb6868,Pond View From Shore,https://mywildalberta.ca/fishing/fish-stocking/fsm-images/Cardiff%20Park%20Pond/Pond%20View%20From%20Shore.jpg
6868,wb6868,Pond View from Shore (2),https://mywildalberta.ca/fishing/fish-stocking/fsm-images/Cardiff%20Park%20Pond/Pond%20View%20from%20Shore%20(2).jpg
6873,wb6873,Brooks Aqueduct looking north from boat launch,https://mywildalberta.ca/fishing/fish-stocking/fsm-images/Brooks%20Aqueduct%20Pond/Brooks%20Aqueduct%20looking%20north%20from%20boat%20launch.jpg
6879,wb6879,Burmis Pond over looking the water on a cloudy day,https://mywildalberta.ca/fishing/fish-stocking/fsm-images/Burmis%20Lake/Burmis%20Pond%20over%20looking%20the%20water%20on%20a%20cloudy%20day.JPG
6880,wb6880,Burns Reservoir benches and day use shack,https://mywildalberta.ca/fishing/fish-stocking/fsm-images/Burn's%20Reservoir/Burns%20Reservoir%20benches%20and%20day%20use%20shack.JPG
6880,wb6880,Burns Reservoir dock on the water,https://mywildalberta.ca/fishing/fish-stocking/fsm-images/Burn's%20Reservoir/Burns%20Reservoir%20dock%20on%20the%20water.JPG
6880,wb6880,Burns Reservoir fishing sign,https://mywildalberta.ca/fishing/fish-stocking/fsm-images/Burn's%20Reservoir/Burns%20Reservoir%20fishing%20sign.JPG
6880,wb6880,Burns Reservoir rememberance plaque,https://mywildalberta.ca/fishing/fish-stocking/fsm-images/Burn's%20Reservoir/Burns%20Reservoir%20rememberance%20plaque.JPG
6880,wb6880,Burns Reservoir view from a bench,https://mywildalberta.ca/fishing/fish-stocking/fsm-images/Burn's%20Reservoir/Burns%20Reservoir%20view%20from%20a%20bench.JPG
6880,wb6880,Burns Reservoir view from fence,https://mywildalberta.ca/fishing/fish-stocking/fsm-images/Burn's%20Reservoir/Burns%20Reservoir%20view%20from%20fence.JPG
6882,wb6882,Bow City East (1),https://mywildalberta.ca/fishing/fish-stocking/fsm-images/Bow%20City%20East%20Ponds/Bow%20City%20East%20(1).jpg
6882,wb6882,Bow City East Pond,https://mywildalberta.ca/fishing/fish-stocking/fsm-images/Bow%20City%20East%20Ponds/Bow%20City%20East%20Pond.jpg
6882,wb6882,Bow City East Pond Looking down the colulee,https://mywildalberta.ca/fishing/fish-stocking/fsm-images/Bow%20City%20East%20Ponds/Bow%20City%20East%20Pond%20Looking%20down%20the%20colulee.jpg
6884,wb6884,Boyle Pond Side View,https://mywildalberta.ca/fishing/fish-stocking/fsm-images/Boyle%20Pond/Boyle%20Pond%20Side%20View.jpg
6884,wb6884,Day USe,https://mywildalberta.ca/fishing/fish-stocking/fsm-images/Boyle%20Pond/Day%20USe.jpg
6884,wb6884,Fire Pits,https://mywildalberta.ca/fishing/fish-stocking/fsm-images/Boyle%20Pond/Fire%20Pits.jpg
6884,wb6884,Open Water View,https://mywildalberta.ca/fishing/fish-stocking/fsm-images/Boyle%20Pond/Open%20Water%20View.jpg
6884,wb6884,Shelter upclose,https://mywildalberta.ca/fishing/fish-stocking/fsm-images/Boyle%20Pond/Shelter%20upclose.jpg
6884,wb6884,View from Platform,https://mywildalberta.ca/fishing/fish-stocking/fsm-images/Boyle%20Pond/View%20from%20Platform.jpg
6884,wb6884,Viewing Platform,https://mywildalberta.ca/fishing/fish-stocking/fsm-images/Boyle%20Pond/Viewing%20Platform.jpg
6892,wb6892,Bathing Lake,https://mywildalberta.ca/fishing/fish-stocking/fsm-images/Bathing%20Lake/Bathing%20Lake.jpg
6900,wb6900,Acadia Valley Day Use and Warning signs,https://mywildalberta.ca/fishing/fish-stocking/fsm-images/Acadia%20Valley%20Reservoir/Acadia%20Valley%20Day%20Use%20and%20Warning%20signs.jpg
6900,wb6900,Acadia Valley Dock and Lake View,https://mywildalberta.ca/fishing/fish-stocking/fsm-images/Acadia%20Valley%20Reservoir/Acadia%20Valley%20Dock%20and%20Lake%20View.jpg
6900,wb6900,Acadia Valley Resverior Bend,https://mywildalberta.ca/fishing/fish-stocking/fsm-images/Acadia%20Valley%20Reservoir/Acadia%20Valley%20Resverior%20Bend.JPG
6900,wb6900,Acadia Valley trout pond Feb 2026,https://mywildalberta.ca/fishing/fish-stocking/fsm-images/Acadia%20Valley%20Reservoir/Acadia%20Valley%20trout%20pond%20Feb%202026.jpg
6900,wb6900,Acadia Velley Boat Launch and Dock,https://mywildalberta.ca/fishing/fish-stocking/fsm-images/Acadia%20Valley%20Reservoir/Acadia%20Velley%20Boat%20Launch%20and%20Dock.JPG
6902,wb6902,64248031917 D7017A34 C2BE 453C 9843 8989DD5CDCAD,https://mywildalberta.ca/fishing/fish-stocking/fsm-images/Allison%20Lake/64248031917__D7017A34-C2BE-453C-9843-8989DD5CDCAD.jpeg
6902,wb6902,IMG 3978,https://mywildalberta.ca/fishing/fish-stocking/fsm-images/Allison%20Lake/IMG_3978.JPG
6902,wb6902,chinook,https://mywildalberta.ca/fishing/fish-stocking/fsm-images/Allison%20Lake/chinook.png
6903,wb6903,Ashland Overview,https://mywildalberta.ca/fishing/fish-stocking/fsm-images/Ashland%20Reservoir/Ashland%20Overview.jpg
6903,wb6903,Ashland Reservoir Lake and Dock View,https://mywildalberta.ca/fishing/fish-stocking/fsm-images/Ashland%20Reservoir/Ashland%20Reservoir%20Lake%20and%20Dock%20View.jpg
6903,wb6903,Ashland Reservoir Picnic Spot,https://mywildalberta.ca/fishing/fish-stocking/fsm-images/Ashland%20Reservoir/Ashland%20Reservoir%20Picnic%20Spot.jpg
6904,wb6904,Atlantic Richfield Reservior View,https://mywildalberta.ca/fishing/fish-stocking/fsm-images/Atlantic%20Richfield%20Reservoir/Atlantic%20Richfield%20Reservior%20View.jpg
6914,wb6914,Entire Pit View,https://mywildalberta.ca/fishing/fish-stocking/fsm-images/Nordegg%20Borrow%20Pit%20(East)/Entire%20Pit%20View.jpg
6914,wb6914,Entire Pit View (2),https://mywildalberta.ca/fishing/fish-stocking/fsm-images/Nordegg%20Borrow%20Pit%20(East)/Entire%20Pit%20View%20(2).jpg
6914,wb6914,Nordegg East (1),https://mywildalberta.ca/fishing/fish-stocking/fsm-images/Nordegg%20Borrow%20Pit%20(East)/Nordegg%20East%20(1).jpg
6914,wb6914,Pit view across lake,https://mywildalberta.ca/fishing/fish-stocking/fsm-images/Nordegg%20Borrow%20Pit%20(East)/Pit%20view%20across%20lake.jpg
6914,wb6914,Pit view with fishing pole,https://mywildalberta.ca/fishing/fish-stocking/fsm-images/Nordegg%20Borrow%20Pit%20(East)/Pit%20view%20with%20fishing%20pole.jpg
6914,wb6914,View from parking lot,https://mywildalberta.ca/fishing/fish-stocking/fsm-images/Nordegg%20Borrow%20Pit%20(East)/View%20from%20parking%20lot.jpg
6914,wb6914,View from shore,https://mywildalberta.ca/fishing/fish-stocking/fsm-images/Nordegg%20Borrow%20Pit%20(East)/View%20from%20shore.jpg
6914,wb6914,View to far bank,https://mywildalberta.ca/fishing/fish-stocking/fsm-images/Nordegg%20Borrow%20Pit%20(East)/View%20to%20far%20bank.jpg
6915,wb6915,Across pit view,https://mywildalberta.ca/fishing/fish-stocking/fsm-images/Nordegg%20Borrow%20Pit%20(West)/Across%20pit%20view.jpg
6915,wb6915,Burrow pit long view,https://mywildalberta.ca/fishing/fish-stocking/fsm-images/Nordegg%20Borrow%20Pit%20(West)/Burrow%20pit%20long%20view.jpg
6915,wb6915,Burrow pit view from far bank,https://mywildalberta.ca/fishing/fish-stocking/fsm-images/Nordegg%20Borrow%20Pit%20(West)/Burrow%20pit%20view%20from%20far%20bank.jpg
6915,wb6915,Entire Pit View,https://mywildalberta.ca/fishing/fish-stocking/fsm-images/Nordegg%20Borrow%20Pit%20(West)/Entire%20Pit%20View.jpg
6915,wb6915,Entire view of pit lakes,https://mywildalberta.ca/fishing/fish-stocking/fsm-images/Nordegg%20Borrow%20Pit%20(West)/Entire%20view%20of%20pit%20lakes.jpg
6915,wb6915,Rock Pit,https://mywildalberta.ca/fishing/fish-stocking/fsm-images/Nordegg%20Borrow%20Pit%20(West)/Rock%20Pit.jpg
6915,wb6915,Shore view,https://mywildalberta.ca/fishing/fish-stocking/fsm-images/Nordegg%20Borrow%20Pit%20(West)/Shore%20view.jpg
6915,wb6915,Small Pond,https://mywildalberta.ca/fishing/fish-stocking/fsm-images/Nordegg%20Borrow%20Pit%20(West)/Small%20Pond.jpg
6915,wb6915,View from bank,https://mywildalberta.ca/fishing/fish-stocking/fsm-images/Nordegg%20Borrow%20Pit%20(West)/View%20from%20bank.jpg
6915,wb6915,View from shore,https://mywildalberta.ca/fishing/fish-stocking/fsm-images/Nordegg%20Borrow%20Pit%20(West)/View%20from%20shore.jpg
6915,wb6915,View from shore cliff,https://mywildalberta.ca/fishing/fish-stocking/fsm-images/Nordegg%20Borrow%20Pit%20(West)/View%20from%20shore%20cliff.jpg
6915,wb6915,View of drop off,https://mywildalberta.ca/fishing/fish-stocking/fsm-images/Nordegg%20Borrow%20Pit%20(West)/View%20of%20drop%20off.jpg
6923,wb6923,Black Nugget,https://mywildalberta.ca/fishing/fish-stocking/fsm-images/Black%20Nugget%20Mine%20Pit/Black%20Nugget.JPG
6923,wb6923,Black Nugget Culvert,https://mywildalberta.ca/fishing/fish-stocking/fsm-images/Black%20Nugget%20Mine%20Pit/Black%20Nugget%20Culvert.jpg
6923,wb6923,Black Nugget Senic,https://mywildalberta.ca/fishing/fish-stocking/fsm-images/Black%20Nugget%20Mine%20Pit/Black%20Nugget%20Senic.jpg
18007,wb18007,Pine coulee reservoir boat on shore,https://mywildalberta.ca/fishing/fish-stocking/fsm-images/Pine%20Coulee%20Reservoir/Pine%20coulee%20reservoir%20boat%20on%20shore.heic
18020,wb18020,Oyen,https://mywildalberta.ca/fishing/fish-stocking/fsm-images/Oyen%20Pond/Oyen.jpg
18020,wb18020,Oyen Pond,https://mywildalberta.ca/fishing/fish-stocking/fsm-images/Oyen%20Pond/Oyen%20Pond.jpg
18020,wb18020,Oyen Pond Surrounding,https://mywildalberta.ca/fishing/fish-stocking/fsm-images/Oyen%20Pond/Oyen%20Pond%20Surrounding.jpg
18020,wb18020,Oyen Pond Water,https://mywildalberta.ca/fishing/fish-stocking/fsm-images/Oyen%20Pond/Oyen%20Pond%20Water.jpg
18020,wb18020,Oyen Pond and Algae,https://mywildalberta.ca/fishing/fish-stocking/fsm-images/Oyen%20Pond/Oyen%20Pond%20and%20Algae.jpg
18020,wb18020,Oyen Sign,https://mywildalberta.ca/fishing/fish-stocking/fsm-images/Oyen%20Pond/Oyen%20Sign.jpg
18020,wb18020,Oyen Trout Pond,https://mywildalberta.ca/fishing/fish-stocking/fsm-images/Oyen%20Pond/Oyen%20Trout%20Pond.jpg
19525,wb19525,Mayan Lake (2),https://mywildalberta.ca/fishing/fish-stocking/fsm-images/Mcclennan%20Reservoir/Mayan%20Lake%20(2).jpg
19525,wb19525,Mayan Lake camping and picnic area,https://mywildalberta.ca/fishing/fish-stocking/fsm-images/Mcclennan%20Reservoir/Mayan%20Lake%20camping%20and%20picnic%20area.jpg
19525,wb19525,Mayan Lake quad stocking,https://mywildalberta.ca/fishing/fish-stocking/fsm-images/Mcclennan%20Reservoir/Mayan%20Lake%20quad%20stocking.JPG
19525,wb19525,Mayan Lake quad stocking buckets of fish,https://mywildalberta.ca/fishing/fish-stocking/fsm-images/Mcclennan%20Reservoir/Mayan%20Lake%20quad%20stocking%20buckets%20of%20fish.JPG
19525,wb19525,Mayan Lake view through the trees,https://mywildalberta.ca/fishing/fish-stocking/fsm-images/Mcclennan%20Reservoir/Mayan%20Lake%20view%20through%20the%20trees.jpg
19525,wb19525,Mayan lake shore line,https://mywildalberta.ca/fishing/fish-stocking/fsm-images/Mcclennan%20Reservoir/Mayan%20lake%20shore%20line.JPG
19525,wb19525,McClennan information sign with camground and dock,https://mywildalberta.ca/fishing/fish-stocking/fsm-images/Mcclennan%20Reservoir/McClennan%20information%20sign%20with%20camground%20and%20dock.jpg
19525,wb19525,McClennan with dock in picture,https://mywildalberta.ca/fishing/fish-stocking/fsm-images/Mcclennan%20Reservoir/McClennan%20with%20dock%20in%20picture.jpg
19760,wb19760,Both Dock Systems,https://mywildalberta.ca/fishing/fish-stocking/fsm-images/Alexander%20Hamilton%20Pond/Both%20Dock%20Systems.jpg
19760,wb19760,Day use Area,https://mywildalberta.ca/fishing/fish-stocking/fsm-images/Alexander%20Hamilton%20Pond/Day%20use%20Area.jpg
19760,wb19760,Dock System,https://mywildalberta.ca/fishing/fish-stocking/fsm-images/Alexander%20Hamilton%20Pond/Dock%20System.jpg
19760,wb19760,Garbage Recepticals,https://mywildalberta.ca/fishing/fish-stocking/fsm-images/Alexander%20Hamilton%20Pond/Garbage%20Recepticals.jpg
19760,wb19760,Garden,https://mywildalberta.ca/fishing/fish-stocking/fsm-images/Alexander%20Hamilton%20Pond/Garden.jpg
19760,wb19760,Gazebo and walkways,https://mywildalberta.ca/fishing/fish-stocking/fsm-images/Alexander%20Hamilton%20Pond/Gazebo%20and%20walkways.jpg
19760,wb19760,Lac La Biche (2),https://mywildalberta.ca/fishing/fish-stocking/fsm-images/Alexander%20Hamilton%20Pond/Lac%20La%20Biche%20(2).jpg
19760,wb19760,Lac La Biche (3),https://mywildalberta.ca/fishing/fish-stocking/fsm-images/Alexander%20Hamilton%20Pond/Lac%20La%20Biche%20(3).jpg
19760,wb19760,Lake Info sign,https://mywildalberta.ca/fishing/fish-stocking/fsm-images/Alexander%20Hamilton%20Pond/Lake%20Info%20sign.jpg
19760,wb19760,New Bathroom Facilites (2),https://mywildalberta.ca/fishing/fish-stocking/fsm-images/Alexander%20Hamilton%20Pond/New%20Bathroom%20Facilites%20(2).jpg
19760,wb19760,Parl Rules,https://mywildalberta.ca/fishing/fish-stocking/fsm-images/Alexander%20Hamilton%20Pond/Parl%20Rules.jpg
19760,wb19760,Pathways,https://mywildalberta.ca/fishing/fish-stocking/fsm-images/Alexander%20Hamilton%20Pond/Pathways.jpg
19760,wb19760,Pond Island,https://mywildalberta.ca/fishing/fish-stocking/fsm-images/Alexander%20Hamilton%20Pond/Pond%20Island.jpg
19760,wb19760,Surrounding Area,https://mywildalberta.ca/fishing/fish-stocking/fsm-images/Alexander%20Hamilton%20Pond/Surrounding%20Area.jpg
19760,wb19760,View of Lake and Island,https://mywildalberta.ca/fishing/fish-stocking/fsm-images/Alexander%20Hamilton%20Pond/View%20of%20Lake%20and%20Island.jpg
19760,wb19760,bench and Park Information,https://mywildalberta.ca/fishing/fish-stocking/fsm-images/Alexander%20Hamilton%20Pond/bench%20and%20Park%20Information.jpg
20258,wb20258,Cast Away Pond  shore view,https://mywildalberta.ca/fishing/fish-stocking/fsm-images/Castaway%20Trout%20Pond/Cast%20Away%20Pond%20%20shore%20view.jpg
20258,wb20258,Castaway Pond picnic area and windmill aerator,https://mywildalberta.ca/fishing/fish-stocking/fsm-images/Castaway%20Trout%20Pond/Castaway%20Pond%20picnic%20area%20and%20windmill%20aerator.jpg
20267,wb20267,La Crete (1),https://mywildalberta.ca/fishing/fish-stocking/fsm-images/La%20Crete%20Pond/La%20Crete%20(1).jpg
21353,wb21353,Ardmore Pond,https://mywildalberta.ca/fishing/fish-stocking/fsm-images/Ardmore%20Community%20Pond/Ardmore%20Pond.jpg
22504,wb22504,Boat Launch Riverstone differet angle looking onto the fish dock,https://mywildalberta.ca/fishing/fish-stocking/fsm-images/Riverstone%20Pond/Boat%20Launch%20Riverstone%20differet%20angle%20looking%20onto%20the%20fish%20dock.jpg
22504,wb22504,Boat Launch Riverstone stocking truck with the fishing peer and dock,https://mywildalberta.ca/fishing/fish-stocking/fsm-images/Riverstone%20Pond/Boat%20Launch%20Riverstone%20stocking%20truck%20with%20the%20fishing%20peer%20and%20dock.jpg
22504,wb22504,Riverstone Pond (3),https://mywildalberta.ca/fishing/fish-stocking/fsm-images/Riverstone%20Pond/Riverstone%20Pond%20(3).jpg
22504,wb22504,Riverstone Pond fishing doc and peer,https://mywildalberta.ca/fishing/fish-stocking/fsm-images/Riverstone%20Pond/Riverstone%20Pond%20fishing%20doc%20and%20peer.JPG
22504,wb22504,Riverstone Pond from the shore,https://mywildalberta.ca/fishing/fish-stocking/fsm-images/Riverstone%20Pond/Riverstone%20Pond%20from%20the%20shore.jpg
22995,wb22995,Peace Pond #2 (1),https://mywildalberta.ca/fishing/fish-stocking/fsm-images/MD%20Peace%20Pond%20%232/Peace%20Pond%20%232%20(1).jpg
22995,wb22995,Peace Pond #2 (2),https://mywildalberta.ca/fishing/fish-stocking/fsm-images/MD%20Peace%20Pond%20%232/Peace%20Pond%20%232%20(2).jpg
22995,wb22995,Peace Pond #2 (3),https://mywildalberta.ca/fishing/fish-stocking/fsm-images/MD%20Peace%20Pond%20%232/Peace%20Pond%20%232%20(3).jpg
22995,wb22995,Peace Pond #2 (4),https://mywildalberta.ca/fishing/fish-stocking/fsm-images/MD%20Peace%20Pond%20%232/Peace%20Pond%20%232%20(4).jpg
23292,wb23292,Genesee Pond (1),https://mywildalberta.ca/fishing/fish-stocking/fsm-images/Genesee%20Trout%20Pond/Genesee%20Pond%20(1).jpg
23293,wb23293,Crossfield trout pond south east pond,https://mywildalberta.ca/fishing/fish-stocking/fsm-images/Crossfield%20Trout%20Pond/Crossfield%20trout%20pond%20south%20east%20pond.JPG
23791,wb23791,Pit 45 (1),https://mywildalberta.ca/fishing/fish-stocking/fsm-images/Pit%2045/Pit%2045%20(1).JPG
24053,wb24053,Lara Fish Pond with windmill aeration,https://mywildalberta.ca/fishing/fish-stocking/fsm-images/Lara%20Fish%20Pond/Lara%20Fish%20Pond%20with%20windmill%20aeration.JPG
24053,wb24053,Lara Pond in the fall,https://mywildalberta.ca/fishing/fish-stocking/fsm-images/Lara%20Fish%20Pond/Lara%20Pond%20in%20the%20fall.JPG
24053,wb24053,Lara Trout Pond in the winter,https://mywildalberta.ca/fishing/fish-stocking/fsm-images/Lara%20Fish%20Pond/Lara%20Trout%20Pond%20in%20the%20winter.jpg
24364,wb24364,Fiesta Lake (1),https://mywildalberta.ca/fishing/fish-stocking/fsm-images/Fiesta%20Lake/Fiesta%20Lake%20(1).JPG
24702,wb24702,St Paul Fish Pond (1),https://mywildalberta.ca/fishing/fish-stocking/fsm-images/St.%20Paul%20Fish%20Pond/St%20Paul%20Fish%20Pond%20(1).JPG
26033,wb26033,Across Lake View,https://mywildalberta.ca/fishing/fish-stocking/fsm-images/Blueridge%20Pit/Across%20Lake%20View.jpg
26033,wb26033,Across Pond View,https://mywildalberta.ca/fishing/fish-stocking/fsm-images/Blueridge%20Pit/Across%20Pond%20View.jpg
26033,wb26033,Bathroom Facilities,https://mywildalberta.ca/fishing/fish-stocking/fsm-images/Blueridge%20Pit/Bathroom%20Facilities.jpg
26033,wb26033,Dock View,https://mywildalberta.ca/fishing/fish-stocking/fsm-images/Blueridge%20Pit/Dock%20View.jpg
26033,wb26033,Entire Pond View,https://mywildalberta.ca/fishing/fish-stocking/fsm-images/Blueridge%20Pit/Entire%20Pond%20View.jpg
26033,wb26033,Fish In Water,https://mywildalberta.ca/fishing/fish-stocking/fsm-images/Blueridge%20Pit/Fish%20In%20Water.jpg
26033,wb26033,Fish In Water (2),https://mywildalberta.ca/fishing/fish-stocking/fsm-images/Blueridge%20Pit/Fish%20In%20Water%20(2).jpg
26033,wb26033,Fishing Information Sign,https://mywildalberta.ca/fishing/fish-stocking/fsm-images/Blueridge%20Pit/Fishing%20Information%20Sign.jpg
26033,wb26033,Information Sign,https://mywildalberta.ca/fishing/fish-stocking/fsm-images/Blueridge%20Pit/Information%20Sign.jpg
26033,wb26033,Long Pond View,https://mywildalberta.ca/fishing/fish-stocking/fsm-images/Blueridge%20Pit/Long%20Pond%20View.jpg
26033,wb26033,Long Pond View (2),https://mywildalberta.ca/fishing/fish-stocking/fsm-images/Blueridge%20Pit/Long%20Pond%20View%20(2).jpg
26033,wb26033,Minnows in Water,https://mywildalberta.ca/fishing/fish-stocking/fsm-images/Blueridge%20Pit/Minnows%20in%20Water.jpg
26033,wb26033,Pond Above View,https://mywildalberta.ca/fishing/fish-stocking/fsm-images/Blueridge%20Pit/Pond%20Above%20View.jpg
26033,wb26033,Pond Side View,https://mywildalberta.ca/fishing/fish-stocking/fsm-images/Blueridge%20Pit/Pond%20Side%20View.jpg
26033,wb26033,Pond Side View (2),https://mywildalberta.ca/fishing/fish-stocking/fsm-images/Blueridge%20Pit/Pond%20Side%20View%20(2).jpg
26033,wb26033,Pond Side View (3),https://mywildalberta.ca/fishing/fish-stocking/fsm-images/Blueridge%20Pit/Pond%20Side%20View%20(3).jpg
26033,wb26033,Recreation Info Sign,https://mywildalberta.ca/fishing/fish-stocking/fsm-images/Blueridge%20Pit/Recreation%20Info%20Sign.jpg
26033,wb26033,View of Dock,https://mywildalberta.ca/fishing/fish-stocking/fsm-images/Blueridge%20Pit/View%20of%20Dock.jpg
26033,wb26033,White Ridge MX Park Info,https://mywildalberta.ca/fishing/fish-stocking/fsm-images/Blueridge%20Pit/White%20Ridge%20MX%20Park%20Info.jpg
26431,wb26431,High Level Community Pond baseball park,https://mywildalberta.ca/fishing/fish-stocking/fsm-images/High%20Level%20Town%20Pond/High%20Level%20Community%20Pond%20baseball%20park.jpg
26431,wb26431,High Level Community Pond flooded,https://mywildalberta.ca/fishing/fish-stocking/fsm-images/High%20Level%20Town%20Pond/High%20Level%20Community%20Pond%20flooded.jpg
26431,wb26431,High Level Community Pond lined against trees,https://mywildalberta.ca/fishing/fish-stocking/fsm-images/High%20Level%20Town%20Pond/High%20Level%20Community%20Pond%20lined%20against%20trees.jpg
26729,wb26729,Kakut view of lake from shore,https://mywildalberta.ca/fishing/fish-stocking/fsm-images/Kakut%20Pond/Kakut%20view%20of%20lake%20from%20shore.jpg
26729,wb26729,Kakut view of shore,https://mywildalberta.ca/fishing/fish-stocking/fsm-images/Kakut%20Pond/Kakut%20view%20of%20shore.jpg
328085,wb328085,Bank View,https://mywildalberta.ca/fishing/fish-stocking/fsm-images/Shell%20True%20North%20Pond/Bank%20View.jpg
328085,wb328085,Dock,https://mywildalberta.ca/fishing/fish-stocking/fsm-images/Shell%20True%20North%20Pond/Dock.jpg
328085,wb328085,Entire Pond,https://mywildalberta.ca/fishing/fish-stocking/fsm-images/Shell%20True%20North%20Pond/Entire%20Pond.jpg
328085,wb328085,Lake view from Bank,https://mywildalberta.ca/fishing/fish-stocking/fsm-images/Shell%20True%20North%20Pond/Lake%20view%20from%20Bank.jpg
328085,wb328085,Pond Dock and Lake,https://mywildalberta.ca/fishing/fish-stocking/fsm-images/Shell%20True%20North%20Pond/Pond%20Dock%20and%20Lake.jpg
328085,wb328085,Pond Garbage Recepticals,https://mywildalberta.ca/fishing/fish-stocking/fsm-images/Shell%20True%20North%20Pond/Pond%20Garbage%20Recepticals.jpg
328085,wb328085,Pond Open Water View,https://mywildalberta.ca/fishing/fish-stocking/fsm-images/Shell%20True%20North%20Pond/Pond%20Open%20Water%20View.jpg
328085,wb328085,Pond Open Water View (2),https://mywildalberta.ca/fishing/fish-stocking/fsm-images/Shell%20True%20North%20Pond/Pond%20Open%20Water%20View%20(2).jpg
328085,wb328085,Pond Overview,https://mywildalberta.ca/fishing/fish-stocking/fsm-images/Shell%20True%20North%20Pond/Pond%20Overview.jpg
328085,wb328085,Pond Overview (2),https://mywildalberta.ca/fishing/fish-stocking/fsm-images/Shell%20True%20North%20Pond/Pond%20Overview%20(2).jpg
328085,wb328085,Pond Signs,https://mywildalberta.ca/fishing/fish-stocking/fsm-images/Shell%20True%20North%20Pond/Pond%20Signs.jpg
328085,wb328085,View of Bank From Dock,https://mywildalberta.ca/fishing/fish-stocking/fsm-images/Shell%20True%20North%20Pond/View%20of%20Bank%20From%20Dock.jpg
417477,wb417477,Baseball Diamonds,https://mywildalberta.ca/fishing/fish-stocking/fsm-images/County%20Sportplex%20Pond/Baseball%20Diamonds.jpg
417477,wb417477,Dock,https://mywildalberta.ca/fishing/fish-stocking/fsm-images/County%20Sportplex%20Pond/Dock.jpg
417477,wb417477,Entire Pond,https://mywildalberta.ca/fishing/fish-stocking/fsm-images/County%20Sportplex%20Pond/Entire%20Pond.jpg
417477,wb417477,Soccer Field (2),https://mywildalberta.ca/fishing/fish-stocking/fsm-images/County%20Sportplex%20Pond/Soccer%20Field%20(2).jpg
417477,wb417477,Sportplex Building,https://mywildalberta.ca/fishing/fish-stocking/fsm-images/County%20Sportplex%20Pond/Sportplex%20Building.jpg
417506,wb417506,Boulder Lake looking east,https://mywildalberta.ca/fishing/fish-stocking/fsm-images/Boulder%20Lake/Boulder%20Lake%20looking%20east.jpg
417506,wb417506,Boulder Lake looking east with shore line,https://mywildalberta.ca/fishing/fish-stocking/fsm-images/Boulder%20Lake/Boulder%20Lake%20looking%20east%20with%20shore%20line.jpg
417506,wb417506,Boulder Lake looking west on draw,https://mywildalberta.ca/fishing/fish-stocking/fsm-images/Boulder%20Lake/Boulder%20Lake%20looking%20west%20on%20draw.jpg
417506,wb417506,Boulder Lake west shoreline,https://mywildalberta.ca/fishing/fish-stocking/fsm-images/Boulder%20Lake/Boulder%20Lake%20west%20shoreline.jpg
