waterbody_id,year,species,length_cm,weight_g,records
2129,2022,RNTR,21.1,104.6,1
2129,2022,RNTR,23.5,142.8,1
2129,2022,RNTR,24.8,168.8,1
2129,2023,RNTR,21.3,104.1,1
2129,2024,RNTR,21.5,107.2,1
2129,2025,RNTR,22.1,118.6,1
3476,2021,RNTR,22.6,127.5,1
3476,2021,RNTR,23.3,140.0,1
3476,2022,RNTR,21.3,105.3,1
3476,2022,RNTR,23.0,133.0,1
3476,2023,RNTR,21.3,105.0,1
3476,2023,RNTR,21.8,112.0,1
3476,2023,RNTR,22.3,199.1,1
3476,2024,RNTR,22.8,128.4,1
3476,2024,RNTR,23.1,132.5,1
3476,2024,RNTR,24.6,161.0,1
3476,2024,RNTR,24.9,166.1,1
3476,2025,CTTR,13.2,24.7,1
3476,2025,CTTR,17.0,52.7,1
3476,2025,CTTR,37.8,583.0,1
3476,2026,WSCT,14.2,31.0,1
3476,2026,WSCT,14.3,31.6,1
3476,2026,WSCT,17.9,62.2,1
3479,2021,RNTR,20.4,93.4,1
3479,2022,RNTR,18.7,71.8,1
3479,2023,RNTR,17.8,61.0,1
3479,2024,RNTR,20.0,85.9,1
3479,2025,RNTR,17.8,62.5,1
3479,2026,RNTR,15.8,43.9,1
3482,2021,RNTR,22.2,121.4,1
3482,2021,RNTR,22.6,127.5,1
3482,2021,RNTR,23.3,140.0,1
3482,2021,RNTR,24.4,161.7,1
3482,2021,RNTR,26.6,185.2,1
3482,2022,RNTR,21.5,108.1,1
3482,2022,RNTR,21.6,109.3,1
3482,2022,RNTR,22.8,129.0,1
3482,2022,RNTR,23.7,150.0,1
3482,2023,RNTR,21.3,105.0,1
3482,2023,RNTR,21.4,106.1,1
3482,2023,RNTR,21.8,112.0,1
3482,2023,RNTR,22.3,199.1,1
3482,2023,RNTR,22.6,125.1,1
3482,2023,RNTR,23.1,133.1,1
3482,2024,RNTR,21.6,96.0,1
3482,2024,RNTR,22.8,128.4,1
3482,2024,RNTR,23.1,132.5,1
3482,2024,RNTR,24.9,166.1,2
3482,2024,RNTR,25.3,174.4,1
3482,2024,RNTR,27.5,224.5,1
3482,2025,CTTR,13.2,24.7,1
3482,2025,CTTR,15.0,36.8,1
3482,2025,CTTR,16.8,51.0,1
3482,2025,CTTR,17.2,55.1,1
3482,2025,CTTR,37.8,583.0,1
3482,2025,RNTR,20.1,87.7,1
3482,2025,RNTR,23.0,131.0,1
3482,2025,RNTR,25.2,172.4,1
3482,2025,RNTR,25.3,174.0,1
3482,2026,RNTR,20.3,90.7,1
3482,2026,RNTR,21.5,107.0,1
3482,2026,RNTR,21.7,111.1,1
3482,2026,RNTR,22.9,129.7,1
3482,2026,WSCT,14.2,30.8,1
3482,2026,WSCT,15.8,42.5,1
3482,2026,WSCT,16.7,50.0,1
3482,2026,WSCT,17.9,62.2,1
3485,2021,RNTR,18.5,70.9,1
3485,2022,RNTR,28.7,190.1,1
3485,2023,RNTR,20.3,90.9,1
3485,2023,RNTR,21.2,105.6,1
3485,2023,RNTR,24.6,160.1,1
3485,2024,RNTR,23.2,135.0,2
3485,2024,RNTR,27.7,235.1,1
3485,2024,RNTR,45.1,1610.0,1
3485,2025,RNTR,23.0,132.0,1
3485,2025,RNTR,25.3,174.0,1
3485,2026,RNTR,23.9,147.0,1
3486,2021,RNTR,22.7,130.1,1
3486,2021,RNTR,23.1,136.1,1
3486,2022,RNTR,21.5,108.1,1
3486,2022,RNTR,22.9,131.0,1
3486,2023,RNTR,21.3,105.0,1
3486,2023,RNTR,21.8,112.0,1
3486,2024,RNTR,23.1,132.5,1
3486,2024,RNTR,23.2,134.0,1
3486,2025,RNTR,20.6,95.0,1
3486,2025,RNTR,23.4,138.8,1
3486,2025,RNTR,23.7,143.9,1
3486,2026,RNTR,20.3,90.7,1
3486,2026,RNTR,22.7,125.8,1
3486,2026,RNTR,22.9,129.7,1
3494,2021,BNTR,9.0,9.1,1
3494,2021,BNTR,17.0,54.0,1
3494,2021,BNTR,23.5,142.8,1
3494,2021,RNTR,10.7,13.4,1
3494,2021,RNTR,17.0,54.0,2
3494,2021,RNTR,19.0,78.1,1
3494,2021,RNTR,20.9,100.6,1
3494,2021,RNTR,24.0,113.2,1
3494,2021,RNTR,30.0,410.0,1
3494,2021,RNTR,50.0,2660.0,1
3494,2021,TGTR,17.7,60.9,1
3494,2022,BNTR,8.8,7.4,1
3494,2022,BNTR,10.3,12.1,1
3494,2022,BNTR,17.3,57.6,1
3494,2022,BNTR,24.3,158.7,1
3494,2022,BNTR,65.0,3000.0,1
3494,2022,RNTR,12.6,22.3,1
3494,2022,RNTR,13.3,25.9,1
3494,2022,RNTR,13.7,28.7,1
3494,2022,RNTR,17.1,55.5,1
3494,2022,RNTR,18.7,45.0,2
3494,2022,RNTR,20.4,92.7,1
3494,2022,RNTR,21.3,105.8,1
3494,2022,RNTR,30.0,150.0,1
3494,2022,TGTR,11.8,18.1,1
3494,2022,TGTR,17.1,55.2,1
3494,2023,BNTR,10.5,13.1,1
3494,2023,BNTR,18.7,70.7,1
3494,2023,BNTR,33.1,515.1,1
3494,2023,RNTR,16.2,45.5,1
3494,2023,RNTR,17.1,53.1,2
3494,2023,RNTR,20.2,88.0,1
3494,2023,RNTR,20.4,92.1,1
3494,2023,TGTR,19.9,84.9,1
3494,2024,BNTR,9.8,9.6,1
3494,2024,BNTR,20.4,92.0,1
3494,2024,BNTR,41.5,1000.0,1
3494,2024,BNTR,55.2,2800.0,1
3494,2024,RNTR,16.1,51.3,1
3494,2024,RNTR,17.6,58.8,1
3494,2024,RNTR,18.4,67.3,2
3494,2024,RNTR,20.1,87.9,3
3494,2024,RNTR,55.0,6000.0,1
3494,2024,RNTR,65.0,9000.0,1
3494,2024,TGTR,19.4,78.4,1
3494,2025,BNTR,9.7,10.0,1
3494,2025,BNTR,17.9,62.5,1
3494,2025,RNTR,11.8,17.7,1
3494,2025,RNTR,19.7,82.2,1
3494,2025,RNTR,19.8,86.4,1
3494,2025,RNTR,20.0,88.6,1
3494,2025,RNTR,20.5,95.5,1
3494,2025,RNTR,21.4,108.5,1
3494,2025,RNTR,22.3,112.8,1
3494,2025,TGTR,22.2,121.7,1
3494,2025,WALL,11.7,6.6,1
3494,2025,WALL,11.9,11.7,1
3494,2025,WALL,12.1,12.9,1
3494,2026,BNTR,17.6,58.9,1
3494,2026,RNTR,20.1,89.5,1
3494,2026,RNTR,22.8,131.5,1
3494,2026,TGTR,20.5,102.1,1
3494,2026,WALL,5.1,1.3,1
3499,2021,RNTR,16.5,49.9,2
3499,2021,RNTR,17.0,54.1,1
3499,2021,RNTR,17.3,57.1,1
3499,2021,RNTR,18.1,65.9,1
3499,2022,RNTR,12.5,21.0,1
3499,2022,RNTR,17.2,55.5,1
3499,2022,RNTR,17.3,56.9,1
3499,2022,RNTR,17.5,59.3,1
3499,2022,RNTR,17.9,63.0,1
3499,2022,RNTR,18.2,66.0,1
3499,2022,RNTR,21.1,102.4,1
3499,2022,RNTR,21.4,107.1,1
3499,2023,RNTR,8.7,7.3,1
3499,2023,RNTR,13.1,24.1,1
3499,2023,RNTR,13.4,26.2,1
3499,2023,RNTR,14.9,35.8,1
3499,2023,RNTR,15.6,42.6,2
3499,2023,RNTR,17.7,60.2,1
3499,2023,RNTR,20.1,87.5,3
3499,2023,RNTR,20.5,93.1,1
3499,2024,RNTR,14.1,30.8,1
3499,2024,RNTR,16.6,50.7,1
3499,2024,RNTR,18.8,70.1,2
3499,2024,RNTR,19.7,83.7,1
3499,2024,RNTR,20.1,87.3,3
3499,2024,RNTR,20.6,95.0,1
3499,2024,RNTR,20.7,95.9,1
3499,2024,RNTR,21.0,100.0,1
3499,2024,RNTR,21.5,110.2,2
3499,2025,CTTR,37.8,583.0,1
3499,2025,RNTR,6.4,2.9,1
3499,2025,RNTR,8.6,6.8,1
3499,2025,RNTR,16.3,41.6,1
3499,2025,RNTR,17.5,56.2,1
3499,2025,RNTR,19.8,85.6,2
3499,2025,RNTR,20.0,86.9,1
3499,2025,RNTR,20.2,89.2,1
3499,2025,RNTR,20.4,91.1,1
3499,2026,RNTR,16.7,51.8,1
3499,2026,RNTR,20.1,87.7,1
3499,2026,RNTR,20.6,94.8,1
3499,2026,RNTR,23.8,133.3,1
3499,2026,WSCT,10.8,13.5,1
3499,2026,WSCT,16.1,46.0,1
3499,2026,WSCT,16.8,50.0,1
3515,2021,WALL,13.5,13.1,1
3515,2021,WALL,15.4,34.0,1
3522,2021,RNTR,22.5,125.9,1
3522,2021,RNTR,23.1,137.1,1
3522,2022,RNTR,21.6,110.5,1
3522,2022,RNTR,21.8,112.9,1
3522,2023,RNTR,21.3,105.0,1
3522,2023,RNTR,21.8,112.0,1
3522,2024,RNTR,21.5,108.0,1
3522,2024,RNTR,23.2,134.0,1
3522,2025,CTTR,13.2,24.7,1
3522,2025,CTTR,17.5,57.7,1
3522,2025,CTTR,37.8,583.0,1
3522,2026,WSCT,14.2,31.0,1
3522,2026,WSCT,14.3,31.6,1
3523,2021,BNTR,23.5,142.8,1
3523,2021,BNTR,40.0,500.0,2
3523,2021,RNTR,20.0,88.2,1
3523,2022,BNTR,17.7,61.3,1
3523,2022,RNTR,20.7,96.3,1
3523,2023,BNTR,10.1,10.6,1
3523,2023,BNTR,18.3,67.3,1
3523,2023,BNTR,31.5,479.0,1
3523,2023,RNTR,20.1,90.3,1
3523,2024,BNTR,19.5,80.0,1
3523,2024,RNTR,10.3,11.7,1
3523,2024,RNTR,18.6,69.0,1
3523,2024,RNTR,20.2,89.0,1
3523,2025,BNTR,19.4,78.7,1
3523,2025,RNTR,20.3,90.7,1
3523,2026,BNTR,17.2,54.5,1
3523,2026,RNTR,20.0,86.6,1
3524,2021,RNTR,20.7,98.1,1
3524,2021,RNTR,30.0,410.0,1
3524,2021,RNTR,55.0,3455.0,3
3524,2022,RNTR,20.7,97.0,1
3524,2023,RNTR,20.3,90.2,1
3524,2024,RNTR,20.7,95.8,1
3524,2025,RNTR,20.1,88.0,1
3524,2025,RNTR,22.9,132.3,1
3524,2026,RNTR,20.0,87.0,1
3524,2026,RNTR,26.2,199.1,1
3526,2021,WALL,7.5,2.4,1
3534,2021,BKTR,18.8,73.6,1
3534,2022,BKTR,10.6,13.1,1
3534,2022,BKTR,18.6,71.1,1
3534,2023,BKTR,11.5,16.5,1
3534,2023,BKTR,17.1,55.6,1
3534,2024,BKTR,12.6,21.5,1
3534,2024,BKTR,13.2,24.9,1
3534,2024,BKTR,18.8,71.6,1
3534,2025,BKTR,12.2,19.5,1
3534,2025,BKTR,19.6,80.9,1
3534,2025,BNTR,13.0,23.6,1
3534,2026,BKTR,18.8,72.2,1
3534,2026,BKTR,40.3,951.0,1
3534,2026,BNTR,20.9,101.3,1
3537,2021,WALL,13.0,12.4,1
3537,2021,WALL,15.4,39.4,1
3537,2021,WALL,15.6,37.7,1
3899,2021,RNTR,21.6,118.3,1
3899,2022,RNTR,22.1,117.6,1
3899,2023,RNTR,14.4,32.4,1
3899,2023,RNTR,20.0,88.5,1
3899,2024,RNTR,20.2,89.6,1
3899,2024,RNTR,55.0,6000.0,1
3899,2024,RNTR,65.0,9000.0,1
3899,2025,RNTR,20.0,83.3,1
3899,2026,RNTR,20.9,98.9,1
3909,2021,BKTR,13.7,28.6,1
3909,2023,BKTR,10.7,13.3,1
3909,2025,BKTR,12.1,19.2,1
3948,2021,CTTR,4.9,1.3,1
3948,2025,CTTR,4.2,0.8,1
4005,2021,TGTR,16.5,49.7,1
4005,2022,TGTR,16.5,49.1,1
4005,2023,TGTR,20.3,91.1,1
4005,2024,TGTR,20.0,86.0,1
4005,2025,TGTR,21.2,102.4,1
4005,2026,TGTR,19.5,80.0,1
4011,2021,RNTR,17.7,61.9,1
4011,2022,RNTR,18.2,66.0,1
4011,2023,CTTR,13.6,27.0,1
4011,2023,CTTR,17.5,58.1,1
4011,2024,RNTR,5.5,1.8,1
4011,2024,RNTR,20.5,95.3,1
4011,2024,RNTR,22.5,125.7,1
4011,2025,CTTR,12.3,19.9,1
4011,2026,WSCT,10.2,11.5,1
4011,2026,WSCT,15.5,42.0,1
4014,2021,RNTR,21.9,115.7,1
4014,2021,TGTR,19.6,83.8,1
4014,2022,RNTR,19.4,79.1,1
4014,2022,TGTR,21.3,106.2,1
4014,2023,RNTR,17.4,58.4,1
4014,2023,TGTR,23.2,134.5,1
4014,2024,RNTR,20.0,87.0,1
4014,2024,RNTR,20.1,90.0,1
4014,2024,TGTR,23.0,132.1,1
4014,2025,RNTR,20.5,92.5,1
4014,2025,TGTR,10.6,13.2,1
4014,2025,TGTR,30.6,318.1,1
4014,2026,RNTR,20.6,95.1,1
4018,2021,RNTR,17.5,59.3,1
4018,2022,RNTR,17.7,60.9,1
4018,2023,RNTR,9.5,9.6,1
4018,2023,RNTR,17.1,55.6,1
4018,2024,RNTR,8.4,6.5,1
4018,2024,RNTR,12.5,21.9,1
4018,2024,RNTR,14.2,31.7,1
4018,2024,RNTR,20.6,93.9,1
4018,2025,CTTR,12.3,19.9,1
4018,2025,CTTR,37.8,583.0,1
4018,2026,WSCT,10.6,12.8,1
4018,2026,WSCT,15.5,42.0,1
4027,2021,NRPK,20.0,38.2,1
4027,2021,WALL,7.8,3.1,1
4061,2021,BKTR,18.2,64.3,1
4061,2021,BNTR,15.7,42.6,1
4061,2021,RNTR,22.3,123.0,1
4061,2022,BKTR,10.5,12.7,1
4061,2022,BKTR,20.6,92.8,1
4061,2022,BNTR,17.7,61.3,1
4061,2022,RNTR,18.8,72.3,1
4061,2023,BKTR,11.3,15.7,1
4061,2023,BKTR,21.5,93.0,1
4061,2023,BNTR,18.6,71.4,1
4061,2023,RNTR,17.4,58.4,1
4061,2024,BKTR,21.0,70.0,1
4061,2024,BNTR,20.0,86.0,1
4061,2024,RNTR,20.8,94.0,1
4061,2025,BKTR,19.3,77.2,1
4061,2025,BNTR,19.4,78.7,1
4061,2025,RNTR,20.0,86.0,1
4061,2026,BKTR,19.2,77.0,1
4061,2026,BNTR,19.1,75.5,1
4061,2026,RNTR,20.1,87.5,1
4159,2021,CTTR,4.9,1.3,1
4161,2025,WALL,6.1,1.7,1
4161,2026,WALL,5.1,0.9,1
4167,2021,CTTR,4.9,1.3,1
4167,2025,CTTR,4.2,0.8,1
4171,2021,BKTR,18.2,64.3,1
4171,2022,BKTR,20.5,96.0,1
4171,2023,BKTR,20.7,90.3,1
4171,2024,BKTR,18.5,70.1,1
4171,2025,BKTR,19.8,83.7,2
4171,2026,BKTR,18.6,70.0,1
4208,2021,RNTR,20.2,90.6,1
4208,2021,TGTR,16.5,49.4,1
4208,2022,RNTR,20.5,94.5,1
4208,2022,TGTR,17.7,61.0,1
4208,2023,RNTR,20.3,89.9,1
4208,2023,TGTR,19.9,84.9,1
4208,2024,RNTR,20.0,85.9,1
4208,2024,TGTR,19.1,75.8,1
4208,2025,RNTR,20.3,90.2,1
4208,2025,TGTR,20.0,86.2,1
4208,2026,RNTR,20.5,93.4,1
4208,2026,TGTR,17.0,53.0,1
4221,2021,CTTR,4.9,1.3,1
4231,2025,RNTR,20.0,89.3,1
4231,2025,RNTR,20.1,87.7,1
4252,2021,RNTR,18.0,64.2,1
4252,2022,RNTR,20.4,94.2,1
4252,2022,RNTR,20.7,98.8,1
4252,2022,RNTR,21.5,110.1,1
4252,2022,TGTR,10.6,13.1,1
4252,2023,RNTR,8.0,5.8,1
4252,2023,RNTR,8.9,7.9,1
4252,2023,RNTR,16.0,44.4,1
4252,2023,RNTR,17.4,57.1,1
4252,2024,RNTR,8.0,5.5,1
4252,2024,RNTR,8.4,6.5,1
4252,2024,RNTR,19.9,85.3,1
4252,2024,RNTR,20.1,88.7,1
4252,2025,RNTR,20.2,91.5,1
4252,2025,RNTR,20.5,93.2,1
4252,2026,RNTR,20.6,97.4,1
4261,2021,RNTR,18.3,68.3,1
4261,2022,RNTR,21.1,102.0,1
4261,2023,RNTR,19.9,86.7,1
4318,2021,CTTR,4.9,1.3,1
4318,2025,CTTR,4.2,0.8,1
4340,2021,BNTR,17.2,56.7,1
4340,2021,RNTR,7.5,4.7,1
4340,2021,RNTR,15.5,40.9,1
4340,2021,RNTR,17.9,63.3,1
4340,2021,RNTR,18.4,68.3,1
4340,2021,RNTR,21.0,103.3,1
4340,2021,RNTR,21.3,107.4,1
4340,2022,BNTR,8.8,7.5,1
4340,2022,BNTR,18.5,70.1,1
4340,2022,RNTR,6.5,2.9,1
4340,2022,RNTR,17.5,58.0,1
4340,2022,RNTR,18.0,62.8,3
4340,2022,RNTR,18.7,71.3,2
4340,2022,RNTR,18.9,74.1,1
4340,2022,RNTR,20.0,77.0,1
4340,2022,RNTR,21.0,110.0,1
4340,2022,RNTR,22.0,96.0,1
4340,2022,RNTR,27.4,150.0,1
4340,2023,BNTR,8.3,8.3,1
4340,2023,BNTR,18.2,64.8,1
4340,2023,RNTR,7.2,4.2,1
4340,2023,RNTR,9.1,8.6,1
4340,2023,RNTR,14.1,29.7,1
4340,2023,RNTR,15.7,46.7,2
4340,2023,RNTR,17.1,53.1,2
4340,2023,RNTR,17.4,56.8,1
4340,2023,RNTR,17.5,57.6,1
4340,2023,RNTR,17.9,61.7,1
4340,2024,BNTR,19.8,83.3,1
4340,2024,RNTR,8.0,5.6,1
4340,2024,RNTR,8.2,6.0,2
4340,2024,RNTR,15.5,41.2,1
4340,2024,RNTR,18.3,67.6,1
4340,2024,RNTR,18.5,73.8,1
4340,2024,RNTR,18.9,80.2,1
4340,2024,RNTR,20.0,87.0,2
4340,2025,BNTR,18.7,70.4,1
4340,2025,RNTR,11.4,15.9,1
4340,2025,RNTR,17.1,55.1,1
4340,2025,RNTR,20.0,86.0,1
4340,2025,RNTR,20.1,87.9,2
4340,2026,RNTR,15.1,34.6,2
4340,2026,RNTR,20.5,92.8,1
4374,2021,RNTR,17.5,59.3,1
4374,2022,RNTR,17.6,59.2,1
4374,2023,CTTR,13.3,25.4,1
4374,2023,CTTR,15.5,45.0,1
4374,2023,CTTR,16.0,47.2,1
4374,2024,RNTR,20.0,86.7,1
4374,2024,RNTR,20.5,95.3,1
4374,2025,CTTR,12.3,19.9,1
4374,2025,CTTR,20.0,80.0,1
4374,2026,WSCT,12.5,21.2,1
4374,2026,WSCT,16.1,47.0,1
4446,2021,RNTR,20.0,88.9,2
4446,2021,TGTR,20.3,92.1,1
4446,2022,RNTR,16.2,46.7,1
4446,2022,RNTR,21.3,107.0,1
4446,2022,TGTR,10.0,11.0,1
4446,2022,TGTR,17.7,61.0,1
4446,2023,RNTR,16.3,46.5,1
4446,2023,RNTR,20.3,90.9,1
4446,2023,TGTR,9.1,7.9,1
4446,2023,TGTR,20.0,87.0,1
4446,2024,RNTR,8.4,6.0,1
4446,2024,RNTR,10.5,12.8,2
4446,2024,RNTR,17.8,61.3,1
4446,2024,RNTR,18.1,65.4,1
4446,2024,RNTR,20.0,86.5,1
4446,2024,TGTR,19.9,85.3,1
4446,2025,RNTR,19.9,87.7,1
4446,2025,RNTR,20.7,97.4,1
4446,2025,RNTR,21.4,108.7,1
4446,2025,TGTR,22.9,133.9,1
4446,2026,RNTR,18.5,69.6,1
4446,2026,RNTR,19.3,80.1,1
4446,2026,RNTR,20.1,91.9,1
4446,2026,RNTR,20.2,91.5,1
4446,2026,TGTR,20.6,97.1,1
4458,2021,RNTR,20.9,100.6,1
4458,2022,BNTR,17.7,61.3,1
4458,2022,RNTR,20.0,88.8,1
4458,2022,TGTR,16.7,51.8,1
4458,2023,RNTR,9.5,9.6,1
4458,2023,RNTR,20.2,88.4,1
4458,2024,BNTR,20.2,88.6,1
4458,2024,RNTR,10.2,11.7,1
4458,2024,RNTR,20.3,91.0,1
4458,2024,RNTR,20.7,98.2,1
4458,2024,TGTR,10.6,12.9,1
4458,2024,TGTR,19.6,81.9,1
4458,2025,RNTR,20.6,96.6,1
4458,2026,BNTR,20.1,90.2,1
4458,2026,RNTR,21.1,102.7,1
4458,2026,TGTR,21.9,115.7,1
4460,2021,BNTR,19.1,76.9,1
4460,2021,RNTR,18.9,75.3,1
4460,2021,TGTR,20.3,92.1,1
4460,2022,BNTR,17.9,63.0,1
4460,2022,RNTR,21.2,105.0,1
4460,2022,TGTR,17.7,61.6,1
4460,2023,BNTR,18.6,71.2,1
4460,2023,RNTR,20.5,94.8,1
4460,2023,TGTR,20.0,88.3,1
4460,2024,BNTR,20.1,88.0,1
4460,2024,RNTR,19.9,85.5,1
4460,2024,TGTR,19.5,80.0,1
4460,2025,BNTR,19.1,75.2,1
4460,2025,RNTR,20.2,91.3,1
4460,2025,TGTR,23.7,149.1,1
4460,2026,BNTR,21.9,114.5,1
4460,2026,RNTR,20.3,92.9,1
4460,2026,TGTR,21.8,115.7,1
4488,2021,BKTR,20.4,94.0,1
4488,2022,BKTR,19.8,86.1,1
4488,2023,BKTR,22.5,123.5,1
4488,2024,BKTR,19.2,76.0,1
4488,2025,BKTR,20.9,99.2,1
4488,2026,BKTR,19.6,80.9,1
4495,2021,CTTR,5.5,1.9,1
4495,2023,CTTR,16.7,50.4,1
4495,2025,CTTR,18.2,65.1,1
4505,2021,BKTR,20.4,94.1,1
4505,2022,BKTR,19.1,76.8,1
4505,2023,BKTR,21.4,92.7,1
4505,2024,BKTR,21.0,75.0,1
4505,2025,BKTR,19.1,75.1,1
4505,2026,BKTR,21.8,114.9,1
4535,2021,RNTR,21.6,112.3,1
4535,2022,RNTR,19.1,75.9,1
4535,2023,RNTR,17.6,58.8,1
4535,2024,RNTR,20.5,93.7,1
4535,2026,RNTR,16.0,43.0,1
4539,2021,RNTR,15.0,36.8,1
4539,2021,RNTR,16.9,53.5,1
4539,2021,RNTR,17.0,54.0,1
4539,2021,RNTR,19.4,80.4,1
4539,2022,RNTR,13.8,29.4,1
4539,2022,RNTR,17.5,63.8,1
4539,2022,RNTR,19.4,81.1,1
4539,2023,RNTR,9.0,8.2,1
4539,2023,RNTR,15.8,37.9,1
4539,2023,RNTR,16.9,51.3,1
4539,2024,RNTR,10.1,11.4,1
4539,2024,RNTR,20.4,87.0,1
4539,2024,RNTR,22.2,121.8,1
4539,2025,RNTR,17.1,55.5,1
4539,2025,RNTR,17.9,63.6,1
4539,2025,RNTR,18.4,69.1,1
4539,2025,RNTR,20.0,87.0,1
4539,2026,RNTR,21.0,101.8,1
4539,2026,RNTR,21.7,113.4,1
4562,2021,RNTR,14.6,34.4,1
4562,2022,RNTR,13.1,24.5,1
4562,2023,RNTR,17.6,58.8,1
4562,2024,RNTR,20.7,96.0,1
4562,2024,RNTR,23.1,136.9,1
4562,2025,RNTR,19.6,83.3,1
4562,2026,RNTR,17.4,55.8,1
4564,2022,CTTR,18.4,67.4,1
4564,2025,CTTR,4.7,1.1,1
4614,2021,CTTR,4.9,1.3,1
4642,2021,CTTR,4.9,1.3,1
4647,2022,CTTR,18.4,67.4,1
4647,2025,CTTR,4.7,1.1,1
4697,2021,RNTR,21.1,104.3,1
4697,2021,RNTR,22.2,121.0,1
4697,2022,RNTR,18.7,71.5,1
4697,2023,RNTR,8.9,7.9,1
4697,2023,RNTR,13.4,26.2,1
4697,2023,RNTR,17.8,61.3,1
4697,2024,RNTR,20.8,96.7,1
4697,2024,RNTR,23.1,136.9,1
4697,2025,RNTR,18.2,66.9,1
4697,2025,RNTR,18.4,68.5,1
4697,2026,RNTR,15.1,34.6,1
4697,2026,RNTR,16.0,43.0,1
4725,2021,RNTR,14.6,34.6,1
4725,2021,RNTR,17.0,54.2,2
4725,2021,RNTR,20.3,92.9,1
4725,2022,RNTR,17.9,62.9,1
4725,2022,RNTR,18.9,73.9,1
4725,2022,RNTR,20.7,97.1,1
4725,2022,RNTR,21.4,106.8,1
4725,2023,RNTR,9.6,9.8,1
4725,2023,RNTR,14.8,33.1,1
4725,2023,RNTR,17.6,58.7,1
4725,2024,RNTR,7.1,3.9,1
4725,2024,RNTR,9.2,8.5,2
4725,2024,RNTR,19.9,85.5,1
4725,2024,RNTR,21.2,105.3,1
4725,2025,RNTR,12.0,18.4,1
4725,2025,RNTR,20.4,94.4,1
4725,2025,RNTR,20.5,88.1,1
4725,2026,RNTR,20.4,94.3,1
4725,2026,RNTR,20.7,95.3,1
4794,2021,RNTR,20.0,89.0,1
4794,2021,RNTR,21.5,109.3,1
4794,2021,RNTR,35.0,1050.0,1
4794,2021,TGTR,15.9,44.6,1
4794,2021,TGTR,21.8,114.6,1
4794,2022,RNTR,6.8,3.5,1
4794,2022,RNTR,20.0,87.5,1
4794,2022,RNTR,25.3,179.8,1
4794,2022,RNTR,25.7,186.8,1
4794,2022,TGTR,9.5,9.4,1
4794,2022,TGTR,17.1,55.5,1
4794,2022,TGTR,22.9,133.8,1
4794,2023,RNTR,8.9,7.7,1
4794,2023,RNTR,17.4,58.7,1
4794,2023,RNTR,19.9,87.2,1
4794,2023,TGTR,19.6,84.0,1
4794,2024,RNTR,9.9,10.7,1
4794,2024,RNTR,19.0,76.2,1
4794,2024,RNTR,20.4,92.3,1
4794,2024,RNTR,20.9,101.7,1
4794,2024,RNTR,55.0,6000.0,1
4794,2024,TGTR,19.6,81.9,1
4794,2024,TGTR,21.7,109.8,1
4794,2025,RNTR,20.0,86.1,1
4794,2025,RNTR,20.1,90.4,1
4794,2025,RNTR,25.7,187.7,1
4794,2025,TGTR,20.3,90.0,1
4794,2025,TGTR,26.8,213.2,1
4794,2026,RNTR,20.6,94.5,1
4794,2026,TGTR,20.8,100.6,1
4806,2021,CTTR,4.9,1.3,1
4837,2021,CTTR,4.9,1.3,1
4837,2025,CTTR,4.2,0.8,1
4854,2021,CTTR,4.9,1.3,1
4888,2021,CTTR,5.5,1.9,1
4897,2021,CTTR,4.9,1.3,1
4897,2025,CTTR,4.2,0.8,1
4909,2021,RNTR,21.6,111.2,1
4909,2022,CTTR,15.1,37.1,1
4909,2023,CTTR,15.5,45.0,1
4909,2024,RNTR,19.1,75.1,1
4909,2025,CTTR,12.5,21.0,1
4909,2026,WSCT,12.5,21.2,1
4920,2021,RNTR,19.7,84.0,1
4920,2021,TGTR,20.3,92.1,1
4920,2022,RNTR,22.8,131.7,1
4920,2022,TGTR,16.7,51.8,1
4920,2023,RNTR,8.9,7.8,1
4920,2023,RNTR,20.1,88.2,1
4920,2023,TGTR,19.9,84.8,1
4920,2024,RNTR,8.5,6.6,1
4920,2024,RNTR,20.0,86.2,1
4920,2024,RNTR,20.7,98.3,1
4920,2024,TGTR,20.1,87.3,1
4920,2025,RNTR,20.4,94.4,1
4920,2025,TGTR,22.5,126.7,1
4920,2026,RNTR,20.1,90.3,1
4920,2026,RNTR,21.5,110.0,1
4920,2026,RNTR,22.1,120.2,1
4920,2026,TGTR,23.1,136.2,1
4935,2022,RNTR,7.9,5.4,1
4935,2025,RNTR,5.9,2.3,1
4944,2022,RNTR,7.9,5.4,1
4944,2025,RNTR,5.9,2.3,1
5002,2021,BKTR,19.9,86.7,1
5002,2022,BKTR,12.7,22.9,1
5002,2022,BKTR,19.7,84.6,1
5002,2022,BKTR,24.9,24.9,1
5002,2023,BKTR,19.8,55.6,1
5002,2023,BKTR,21.4,92.7,1
5002,2023,BKTR,22.5,123.5,1
5002,2024,BKTR,19.3,78.0,1
5002,2024,BKTR,24.6,159.9,1
5002,2025,BKTR,19.1,74.9,1
5002,2025,BKTR,19.8,84.4,1
5002,2026,BKTR,20.6,96.1,1
5029,2021,CTTR,5.5,1.9,1
5029,2023,CTTR,17.2,55.3,1
5029,2025,CTTR,4.7,1.1,1
5050,2021,BNTR,16.8,52.1,1
5050,2021,RNTR,17.0,54.0,2
5050,2021,RNTR,17.1,55.5,1
5050,2022,BNTR,17.7,61.1,1
5050,2022,RNTR,12.5,21.0,1
5050,2022,RNTR,17.1,54.5,1
5050,2022,RNTR,20.0,88.9,2
5050,2023,BNTR,18.7,72.4,1
5050,2023,RNTR,9.5,9.6,1
5050,2023,RNTR,13.4,25.8,1
5050,2023,RNTR,17.2,56.1,1
5050,2023,RNTR,20.7,97.5,1
5050,2024,BNTR,19.5,80.0,1
5050,2024,RNTR,14.1,30.9,1
5050,2024,RNTR,17.4,58.5,2
5050,2024,RNTR,19.7,85.2,1
5050,2024,RNTR,20.0,86.2,1
5050,2024,RNTR,21.0,103.5,1
5050,2025,BNTR,19.0,74.0,1
5050,2025,RNTR,6.4,2.9,1
5050,2025,RNTR,10.7,13.4,1
5050,2025,RNTR,20.1,87.8,2
5050,2026,BNTR,16.6,50.7,1
5050,2026,RNTR,19.9,87.3,1
5074,2021,CTTR,4.9,1.3,1
5078,2021,BKTR,12.1,19.8,1
5078,2021,TGTR,22.3,122.3,1
5078,2022,BKTR,14.3,32.7,1
5078,2022,TGTR,22.7,129.9,1
5078,2023,BKTR,12.1,19.3,1
5078,2023,TGTR,24.2,153.8,1
5078,2024,BKTR,13.0,23.7,1
5078,2024,TGTR,24.1,152.0,1
5078,2025,BKTR,11.7,17.3,1
5078,2025,TGTR,10.9,14.6,1
5078,2025,TGTR,30.6,318.1,1
5093,2021,BKTR,19.4,80.3,1
5093,2021,RNTR,16.9,53.4,1
5093,2021,RNTR,19.0,76.4,1
5093,2021,RNTR,19.7,84.2,1
5093,2021,RNTR,20.7,98.8,1
5093,2021,RNTR,24.5,162.5,1
5093,2021,RNTR,38.9,651.8,2
5093,2021,TGTR,15.9,44.6,1
5093,2021,TGTR,22.3,122.3,1
5093,2022,BKTR,14.1,30.9,1
5093,2022,BKTR,16.9,53.1,1
5093,2022,BKTR,19.9,87.7,1
5093,2022,RNTR,15.7,43.2,1
5093,2022,RNTR,18.2,66.4,1
5093,2022,RNTR,21.3,107.1,1
5093,2022,RNTR,25.4,182.0,1
5093,2022,RNTR,25.7,188.5,1
5093,2022,RNTR,26.2,198.9,1
5093,2022,RNTR,27.1,219.2,1
5093,2022,TGTR,11.3,16.0,1
5093,2022,TGTR,16.7,51.8,1
5093,2022,TGTR,23.2,138.3,1
5093,2023,BKTR,11.7,17.4,1
5093,2023,BKTR,21.0,102.2,1
5093,2023,RNTR,14.4,32.4,1
5093,2023,RNTR,16.0,45.0,1
5093,2023,RNTR,20.1,89.8,1
5093,2023,TGTR,9.1,7.9,1
5093,2023,TGTR,19.5,82.1,1
5093,2024,BKTR,12.9,23.2,1
5093,2024,BNTR,9.0,8.0,1
5093,2024,RNTR,8.6,7.0,1
5093,2024,RNTR,10.9,14.2,1
5093,2024,RNTR,19.6,83.0,1
5093,2024,RNTR,20.8,96.7,1
5093,2024,TGTR,20.4,91.7,1
5093,2025,BKTR,19.6,81.0,1
5093,2025,BNTR,18.9,72.4,1
5093,2025,RNTR,18.2,66.8,1
5093,2025,RNTR,20.5,95.5,1
5093,2025,RNTR,23.2,137.5,1
5093,2025,RNTR,25.9,193.5,1
5093,2025,TGTR,22.7,128.8,1
5093,2026,BKTR,20.4,93.4,1
5093,2026,BNTR,18.7,72.2,1
5093,2026,RNTR,19.4,80.6,1
5093,2026,RNTR,22.1,119.5,1
5093,2026,TGTR,23.1,136.8,1
5149,2021,CTTR,4.9,1.3,1
5158,2021,CTTR,5.5,1.9,1
5179,2022,CTTR,50.1,1250.0,1
5179,2025,CTTR,15.0,36.8,1
5179,2025,CTTR,19.2,77.0,1
5179,2026,WSCT,15.8,42.5,1
5223,2021,RNTR,20.1,90.4,1
5223,2022,CTTR,14.5,33.2,1
5223,2023,CTTR,14.6,33.9,1
5223,2025,RNTR,12.6,21.6,1
5223,2026,RNTR,14.3,31.9,1
5232,2021,BKTR,11.9,18.8,1
5232,2022,BKTR,11.2,15.5,1
5232,2023,BKTR,12.1,19.3,1
5232,2024,BKTR,13.5,26.6,1
5232,2025,BKTR,11.7,17.3,1
5245,2021,RNTR,14.4,33.3,1
5245,2022,RNTR,13.7,28.7,1
5245,2023,RNTR,19.8,83.6,1
5245,2024,RNTR,20.3,89.9,1
5245,2025,RNTR,18.1,65.9,1
5245,2026,RNTR,17.7,61.8,1
5253,2021,CTTR,4.9,1.3,1
5253,2025,CTTR,4.2,0.8,1
5275,2021,WALL,12.9,11.5,1
5275,2021,WALL,13.0,17.0,1
5275,2021,WALL,13.1,11.5,1
5275,2021,WALL,15.3,34.4,1
5275,2021,WALL,15.4,34.4,1
5275,2021,WALL,15.5,39.5,1
5275,2026,WALL,5.1,1.0,1
5286,2021,RNTR,14.9,36.7,1
5286,2021,RNTR,15.2,38.8,1
5286,2021,RNTR,15.5,41.8,1
5286,2021,RNTR,16.0,45.4,1
5286,2021,RNTR,17.0,54.0,2
5286,2021,RNTR,19.7,84.0,1
5286,2021,RNTR,19.9,87.3,1
5286,2021,RNTR,20.1,89.3,1
5286,2021,RNTR,21.0,102.4,1
5286,2022,RNTR,12.9,23.5,1
5286,2022,RNTR,13.2,25.3,1
5286,2022,RNTR,17.2,55.0,1
5286,2022,RNTR,17.6,59.6,1
5286,2022,RNTR,20.5,94.9,1
5286,2022,RNTR,21.1,104.5,1
5286,2022,RNTR,21.2,105.3,1
5286,2022,RNTR,21.9,117.4,1
5286,2023,RNTR,6.9,3.6,1
5286,2023,RNTR,8.3,6.4,1
5286,2023,RNTR,14.4,28.6,1
5286,2023,RNTR,15.1,36.9,1
5286,2023,RNTR,17.5,59.4,1
5286,2023,RNTR,17.7,61.4,1
5286,2023,RNTR,18.4,68.4,1
5286,2023,RNTR,20.1,87.1,1
5286,2023,RNTR,20.4,91.7,1
5286,2023,RNTR,20.7,97.1,1
5286,2024,RNTR,9.5,9.3,1
5286,2024,RNTR,9.7,9.7,1
5286,2024,RNTR,14.1,31.3,1
5286,2024,RNTR,19.1,76.5,1
5286,2024,RNTR,19.3,78.5,1
5286,2024,RNTR,19.5,79.6,2
5286,2024,RNTR,19.8,86.7,1
5286,2024,RNTR,20.0,86.9,1
5286,2024,RNTR,20.3,88.9,1
5286,2024,RNTR,20.9,101.3,1
5286,2025,RNTR,17.1,54.9,1
5286,2025,RNTR,17.8,62.3,1
5286,2025,RNTR,17.9,63.5,3
5286,2025,RNTR,18.4,68.5,1
5286,2025,RNTR,18.6,71.6,1
5286,2025,RNTR,18.9,74.2,2
5286,2025,RNTR,19.5,82.4,1
5286,2025,RNTR,20.3,89.9,1
5286,2025,RNTR,20.4,93.6,1
5286,2025,RNTR,20.9,101.6,1
5286,2025,RNTR,21.9,117.1,1
5286,2025,RNTR,23.9,151.9,1
5286,2026,RNTR,15.4,40.5,1
5286,2026,RNTR,15.9,44.0,1
5286,2026,RNTR,16.3,47.9,1
5286,2026,RNTR,20.5,92.9,1
5286,2026,RNTR,21.6,112.2,1
5286,2026,RNTR,21.8,115.0,1
5286,2026,RNTR,22.7,128.9,1
5286,2026,RNTR,23.3,140.4,1
5286,2026,RNTR,23.7,147.2,1
5324,2021,RNTR,20.7,97.6,1
5324,2021,TGTR,20.1,90.3,1
5324,2022,RNTR,20.6,96.9,1
5324,2022,TGTR,9.1,8.3,1
5324,2022,TGTR,22.4,123.9,1
5324,2023,RNTR,8.8,7.4,1
5324,2023,RNTR,20.7,96.0,1
5324,2023,TGTR,23.4,138.3,1
5324,2024,RNTR,20.0,85.9,1
5324,2024,RNTR,20.2,91.8,1
5324,2024,RNTR,20.5,95.2,1
5324,2025,RNTR,20.5,94.9,2
5324,2025,RNTR,21.7,112.8,1
5324,2025,TGTR,21.2,102.5,1
5324,2026,BNTR,20.3,92.1,1
5324,2026,RNTR,20.8,100.3,1
5324,2026,RNTR,48.1,1700.0,2
5348,2021,BNTR,15.8,43.4,1
5348,2021,RNTR,17.5,58.0,1
5348,2021,TGTR,19.6,83.8,1
5348,2022,BNTR,17.7,61.3,1
5348,2022,RNTR,22.1,117.6,1
5348,2022,TGTR,21.3,106.2,1
5348,2022,TGTR,23.5,143.4,1
5348,2023,BNTR,17.9,62.0,1
5348,2023,RNTR,14.6,33.8,1
5348,2023,RNTR,19.9,84.8,1
5348,2023,TGTR,9.8,10.2,1
5348,2023,TGTR,24.1,151.5,1
5348,2024,BNTR,20.5,93.0,1
5348,2024,RNTR,20.3,89.7,1
5348,2024,TGTR,23.6,141.6,1
5348,2025,BNTR,18.8,71.8,1
5348,2025,RNTR,20.1,87.5,1
5348,2025,TGTR,10.9,14.6,1
5348,2025,TGTR,30.6,318.1,1
5348,2026,BNTR,18.5,68.0,1
5348,2026,RNTR,20.9,99.1,1
5360,2021,BNTR,18.6,71.2,1
5360,2021,BNTR,22.0,117.0,1
5360,2021,RNTR,14.0,30.0,1
5360,2021,TGTR,21.8,115.3,1
5360,2022,BNTR,17.6,61.3,1
5360,2022,BNTR,22.3,122.5,1
5360,2022,RNTR,13.5,24.7,1
5360,2022,TGTR,23.2,137.8,1
5360,2023,BNTR,18.0,64.8,1
5360,2023,BNTR,20.8,97.7,1
5360,2023,RNTR,17.5,59.2,1
5360,2023,TGTR,23.4,137.9,1
5360,2024,BNTR,20.4,91.2,1
5360,2024,BNTR,25.4,177.6,1
5360,2024,RNTR,20.1,87.5,1
5360,2024,RNTR,20.7,95.5,1
5360,2024,RNTR,23.6,146.1,1
5360,2025,BNTR,19.7,83.0,1
5360,2025,RNTR,17.3,57.1,1
5360,2025,TGTR,30.9,327.4,1
5360,2026,BNTR,20.0,88.2,1
5360,2026,RNTR,17.0,54.1,1
5387,2021,BNTR,17.0,54.3,1
5387,2021,BNTR,22.0,117.0,1
5387,2021,RNTR,21.2,106.2,1
5387,2021,RNTR,24.6,156.7,1
5387,2021,RNTR,39.3,673.0,1
5387,2022,BNTR,18.8,73.0,1
5387,2022,RNTR,20.7,100.1,1
5387,2022,RNTR,27.8,237.6,1
5387,2023,BNTR,18.2,66.4,1
5387,2023,RNTR,19.9,87.7,1
5387,2024,BNTR,20.1,88.0,1
5387,2024,RNTR,22.8,128.2,1
5387,2025,BNTR,18.9,72.4,1
5387,2025,RNTR,20.0,86.5,1
5387,2025,RNTR,23.1,132.7,1
5387,2026,BNTR,18.1,64.0,1
5387,2026,RNTR,20.6,94.5,1
5387,2026,RNTR,24.2,152.3,1
5407,2022,CTTR,13.7,28.0,1
5407,2022,CTTR,19.6,82.0,1
5407,2023,CTTR,13.5,26.5,1
5407,2023,CTTR,17.1,54.1,1
5407,2025,CTTR,13.4,25.9,1
5407,2025,CTTR,19.2,77.0,1
5407,2026,WSCT,12.6,21.9,1
5407,2026,WSCT,15.4,39.5,1
5466,2021,BNTR,18.1,65.4,1
5466,2022,BNTR,9.7,10.0,1
5466,2022,BNTR,17.7,61.3,1
5466,2022,BNTR,17.9,63.9,1
5466,2023,BNTR,9.1,8.1,1
5466,2023,BNTR,19.1,75.8,1
5466,2023,BNTR,20.8,97.7,1
5466,2024,BNTR,9.3,8.6,1
5466,2024,BNTR,20.3,90.1,1
5466,2025,BNTR,9.1,8.1,1
5466,2025,BNTR,19.2,76.8,2
5466,2026,BNTR,19.7,84.0,1
5466,2026,BNTR,20.1,90.0,1
5467,2021,CTTR,5.5,1.9,1
5467,2025,CTTR,4.7,1.1,1
5476,2021,RNTR,19.4,81.4,1
5476,2022,RNTR,20.7,98.8,1
5476,2023,RNTR,19.9,87.4,1
5476,2024,RNTR,20.1,87.5,1
5476,2025,RNTR,20.6,96.6,1
5476,2026,RNTR,20.4,93.7,1
5504,2021,RNTR,21.1,104.2,1
5504,2022,RNTR,20.7,97.1,1
5504,2023,RNTR,20.5,93.1,1
5504,2023,RNTR,27.0,202.0,1
5504,2023,RNTR,35.0,364.0,1
5504,2024,RNTR,20.6,95.0,1
5504,2024,RNTR,22.9,130.0,1
5504,2024,RNTR,45.1,1670.0,1
5504,2025,RNTR,20.0,86.0,1
5504,2025,RNTR,23.1,133.3,1
5504,2026,RNTR,20.1,88.0,1
5504,2026,RNTR,20.2,89.0,1
5504,2026,RNTR,23.7,143.0,1
5513,2021,RNTR,10.0,7.8,1
5513,2021,RNTR,10.6,13.3,1
5513,2021,RNTR,17.0,54.0,2
5513,2021,RNTR,17.5,59.1,2
5513,2021,RNTR,19.0,77.1,1
5513,2021,RNTR,19.6,83.4,1
5513,2022,RNTR,6.0,2.4,1
5513,2022,RNTR,12.7,22.5,1
5513,2022,RNTR,14.2,31.6,1
5513,2022,RNTR,14.8,35.3,1
5513,2022,RNTR,16.1,42.7,1
5513,2022,RNTR,16.8,51.4,1
5513,2022,RNTR,17.5,58.2,1
5513,2022,RNTR,17.6,59.7,1
5513,2022,RNTR,17.7,60.9,1
5513,2022,RNTR,18.8,72.2,1
5513,2022,RNTR,20.2,86.6,1
5513,2022,RNTR,24.7,104.4,1
5513,2023,RNTR,9.4,9.3,1
5513,2023,RNTR,13.1,24.1,1
5513,2023,RNTR,15.6,41.1,1
5513,2023,RNTR,15.8,47.1,1
5513,2023,RNTR,17.3,57.4,1
5513,2023,RNTR,20.0,89.1,1
5513,2023,RNTR,20.5,93.1,2
5513,2023,RNTR,21.7,113.7,1
5513,2023,RNTR,24.8,164.1,1
5513,2024,RNTR,5.5,1.8,1
5513,2024,RNTR,6.4,2.8,1
5513,2024,RNTR,12.2,20.3,1
5513,2024,RNTR,13.6,36.3,1
5513,2024,RNTR,14.1,31.1,2
5513,2024,RNTR,14.5,33.1,1
5513,2024,RNTR,16.2,46.2,1
5513,2024,RNTR,16.3,46.8,1
5513,2024,RNTR,19.8,84.4,1
5513,2025,RNTR,7.9,6.2,1
5513,2025,RNTR,11.2,15.0,1
5513,2025,RNTR,15.7,38.8,1
5513,2025,RNTR,15.9,44.2,1
5513,2025,RNTR,16.5,62.4,1
5513,2025,RNTR,16.9,49.3,1
5513,2025,RNTR,17.0,50.2,1
5513,2025,RNTR,19.5,83.0,1
5513,2025,RNTR,19.7,85.6,2
5513,2025,RNTR,19.8,86.9,1
5513,2025,RNTR,20.0,86.6,3
5513,2025,RNTR,20.1,87.4,2
5513,2026,RNTR,12.3,20.5,1
5513,2026,RNTR,15.8,44.3,1
5513,2026,RNTR,20.2,89.0,2
5513,2026,RNTR,20.9,97.9,2
5521,2021,RNTR,7.4,4.5,1
5521,2022,RNTR,7.9,5.4,1
5521,2023,BKTR,12.1,19.3,1
5521,2025,RNTR,5.9,2.3,1
5538,2021,BKTR,18.6,71.0,1
5538,2021,RNTR,17.4,58.6,1
5538,2021,RNTR,18.3,67.4,1
5538,2022,BKTR,19.4,80.6,1
5538,2023,BKTR,11.6,16.9,1
5538,2023,BKTR,22.8,128.8,1
5538,2023,RNTR,18.1,69.8,1
5538,2024,BKTR,19.6,81.9,1
5538,2024,RNTR,17.0,54.7,1
5538,2024,RNTR,20.0,86.8,1
5538,2025,BKTR,19.5,80.0,1
5538,2025,RNTR,20.4,94.4,2
5538,2026,BKTR,20.1,90.0,1
5555,2021,BKTR,18.5,79.3,1
5555,2021,RNTR,16.3,47.7,1
5555,2022,BKTR,10.5,12.7,1
5555,2022,BKTR,20.3,90.1,1
5555,2022,BKTR,21.3,93.5,2
5555,2022,RNTR,22.4,100.1,2
5555,2023,BKTR,11.3,15.7,1
5555,2023,BKTR,20.7,90.3,1
5555,2023,RNTR,14.1,30.3,1
5555,2023,RNTR,21.0,100.4,1
5555,2024,BKTR,19.2,76.5,1
5555,2024,RNTR,21.0,100.0,1
5555,2025,BKTR,19.2,76.9,1
5555,2025,RNTR,21.2,103.5,1
5555,2026,BKTR,19.5,80.4,1
5555,2026,RNTR,20.3,90.9,1
5565,2021,RNTR,20.4,93.4,1
5565,2021,RNTR,20.8,99.0,1
5565,2022,RNTR,19.1,75.9,1
5565,2023,RNTR,18.0,63.3,1
5565,2024,RNTR,20.5,93.6,1
5565,2025,RNTR,17.7,61.5,1
5565,2026,RNTR,16.0,43.0,1
5569,2021,RNTR,20.9,101.6,1
5569,2021,RNTR,21.6,118.3,1
5569,2021,RNTR,22.0,117.7,1
5569,2021,RNTR,50.0,2600.0,1
5569,2022,RNTR,20.0,87.8,1
5569,2022,RNTR,30.1,1600.0,1
5569,2023,RNTR,9.1,8.6,1
5569,2023,RNTR,14.4,32.2,1
5569,2023,RNTR,19.6,83.1,1
5569,2024,RNTR,18.0,64.7,1
5569,2024,RNTR,19.5,81.6,1
5569,2024,RNTR,20.3,89.7,1
5569,2024,RNTR,21.2,105.2,1
5569,2024,RNTR,65.0,9000.0,1
5569,2025,RNTR,20.1,88.0,1
5569,2026,RNTR,20.5,93.5,1
5569,2026,RNTR,20.8,97.7,1
5572,2021,BKTR,18.5,70.0,1
5572,2022,BKTR,12.7,22.7,1
5572,2022,BKTR,19.4,80.2,1
5572,2022,BNTR,17.7,61.3,1
5572,2023,BKTR,10.9,13.9,1
5572,2023,BKTR,20.2,55.6,1
5572,2024,BKTR,19.2,76.0,1
5572,2024,BKTR,21.1,74.0,1
5572,2024,BKTR,23.0,131.6,1
5572,2024,BNTR,20.5,93.4,1
5572,2025,BKTR,12.3,20.2,1
5572,2025,BKTR,19.8,83.3,1
5572,2025,BKTR,20.3,90.4,1
5572,2026,BKTR,20.1,89.3,1
5572,2026,BNTR,21.9,116.4,1
5646,2025,WALL,6.1,1.7,1
5646,2025,WALL,11.7,6.6,1
5649,2023,WSCT,16.8,51.4,1
5649,2023,WSCT,28.6,252.5,1
5661,2021,RNTR,20.3,92.6,1
5661,2022,RNTR,6.2,2.7,1
5661,2022,RNTR,17.2,55.6,1
5661,2022,RNTR,17.5,60.0,1
5661,2022,RNTR,20.7,96.3,1
5661,2022,TGTR,11.8,18.0,1
5661,2022,TGTR,15.9,44.3,1
5661,2022,TGTR,16.7,51.8,1
5661,2023,RNTR,8.2,6.2,1
5661,2023,RNTR,14.3,31.4,1
5661,2023,RNTR,20.0,88.2,1
5661,2023,RNTR,22.8,132.1,1
5661,2023,RNTR,54.1,2380.0,1
5661,2023,TGTR,9.2,8.4,1
5661,2023,TGTR,37.6,809.0,1
5661,2024,RNTR,20.1,88.3,1
5661,2024,TGTR,19.4,79.3,1
5661,2025,RNTR,19.9,85.7,1
5661,2025,RNTR,20.3,92.8,1
5661,2025,RNTR,20.5,95.5,1
5661,2025,RNTR,21.2,105.9,1
5661,2025,RNTR,28.0,275.0,1
5661,2026,RNTR,19.8,85.8,1
5661,2026,RNTR,20.5,94.7,1
5661,2026,RNTR,21.5,110.4,1
5661,2026,TGTR,20.9,101.3,1
5667,2021,CTTR,4.9,1.3,1
5714,2021,BKTR,20.4,89.1,1
5714,2022,RNTR,21.5,110.1,1
5714,2023,BKTR,21.0,102.2,1
5714,2024,RNTR,20.1,87.4,1
5714,2024,RNTR,20.7,95.1,1
5714,2025,BKTR,19.8,84.4,1
5714,2026,RNTR,20.4,93.7,1
5729,2021,RNTR,19.0,75.8,1
5729,2021,RNTR,21.7,113.0,1
5729,2022,RNTR,19.5,82.2,1
5729,2022,RNTR,21.3,107.0,1
5729,2022,TGTR,17.7,61.0,1
5729,2023,RNTR,18.1,69.8,1
5729,2023,RNTR,20.0,88.9,1
5729,2023,TGTR,20.0,88.5,1
5729,2024,RNTR,19.2,76.0,1
5729,2024,RNTR,20.1,87.7,1
5729,2024,RNTR,20.7,98.0,1
5729,2024,TGTR,19.5,80.0,1
5729,2025,RNTR,20.3,90.7,1
5729,2025,RNTR,20.4,94.5,1
5729,2025,RNTR,25.7,187.7,1
5729,2025,TGTR,19.9,85.4,1
5729,2026,RNTR,20.0,86.2,1
5729,2026,RNTR,20.3,90.7,1
5729,2026,TGTR,17.9,62.0,1
5753,2021,RNTR,19.5,81.9,1
5753,2022,RNTR,20.5,94.9,1
5753,2023,RNTR,15.9,44.2,1
5753,2024,RNTR,20.3,91.0,1
5753,2025,RNTR,20.3,90.7,1
5753,2026,RNTR,20.0,86.8,1
5766,2021,RNTR,20.3,93.2,1
5766,2021,TGTR,20.3,92.1,1
5766,2022,RNTR,18.2,66.4,1
5766,2022,RNTR,20.5,95.8,1
5766,2022,TGTR,16.7,51.8,1
5766,2023,RNTR,8.8,7.5,1
5766,2023,RNTR,16.5,48.9,1
5766,2023,RNTR,19.9,85.6,1
5766,2023,TGTR,20.5,92.6,1
5766,2024,RNTR,10.2,11.7,1
5766,2024,RNTR,20.0,85.8,1
5766,2024,RNTR,21.0,100.1,1
5766,2024,TGTR,19.5,80.0,1
5766,2025,RNTR,20.0,87.9,1
5766,2025,TGTR,23.9,151.4,1
5766,2026,RNTR,21.9,115.7,1
5766,2026,TGTR,20.1,90.3,1
5788,2021,CTTR,4.9,1.3,1
5788,2025,CTTR,4.2,0.8,1
5804,2021,RNTR,17.7,61.6,1
5804,2022,RNTR,18.3,66.3,1
5804,2022,RNTR,22.3,122.0,1
5804,2023,RNTR,8.9,7.8,1
5804,2023,RNTR,13.3,25.6,1
5804,2023,RNTR,17.8,61.3,1
5804,2023,RNTR,20.0,85.9,1
5804,2024,RNTR,17.5,59.9,1
5804,2024,RNTR,20.1,88.1,1
5804,2024,RNTR,20.3,90.9,1
5804,2024,RNTR,21.6,96.2,1
5804,2025,RNTR,20.3,90.0,2
5804,2026,RNTR,20.8,97.4,1
5805,2025,RNTR,20.4,91.3,1
5805,2025,RNTR,29.1,265.7,1
5805,2026,RNTR,20.3,90.7,1
5805,2026,RNTR,22.9,129.7,1
5858,2021,RNTR,23.1,135.8,1
5858,2022,CTTR,14.1,30.8,1
5858,2023,CTTR,14.6,33.9,1
5858,2025,CTTR,14.1,30.2,1
5858,2026,WSCT,15.8,42.5,1
5874,2021,BNTR,18.6,71.2,1
5874,2021,RNTR,16.5,49.7,1
5874,2021,RNTR,19.7,84.0,1
5874,2021,RNTR,20.2,91.4,1
5874,2021,RNTR,20.6,96.2,1
5874,2021,RNTR,21.0,102.8,1
5874,2021,TGTR,20.3,92.1,1
5874,2022,BNTR,8.7,7.3,1
5874,2022,BNTR,18.8,73.0,1
5874,2022,RNTR,6.8,3.5,1
5874,2022,RNTR,18.6,71.4,1
5874,2022,RNTR,20.0,89.1,1
5874,2022,RNTR,26.1,197.1,1
5874,2022,TGTR,17.7,61.0,1
5874,2023,BNTR,18.4,69.2,1
5874,2023,RNTR,16.5,45.5,1
5874,2023,RNTR,19.9,87.2,1
5874,2023,TGTR,19.5,81.7,1
5874,2024,BNTR,20.2,88.6,1
5874,2024,RNTR,10.1,11.6,1
5874,2024,RNTR,19.1,82.1,1
5874,2024,RNTR,20.1,87.7,1
5874,2024,TGTR,20.3,90.0,1
5874,2024,TGTR,23.4,138.9,1
5874,2025,BNTR,19.6,81.0,1
5874,2025,RNTR,19.2,77.9,1
5874,2025,RNTR,20.9,100.4,1
5874,2025,TGTR,22.5,126.7,1
5874,2026,BNTR,19.5,80.0,1
5874,2026,RNTR,21.8,115.0,1
5874,2026,RNTR,35.1,565.1,1
5874,2026,TGTR,20.9,101.3,1
5895,2021,BNTR,17.0,54.3,1
5895,2021,RNTR,20.5,95.1,1
5895,2021,RNTR,30.0,410.0,1
5895,2021,RNTR,42.9,874.0,1
5895,2021,TGTR,21.8,115.3,1
5895,2022,BNTR,18.8,73.0,1
5895,2022,RNTR,20.2,90.4,1
5895,2022,TGTR,17.7,61.0,1
5895,2023,BNTR,18.6,71.0,1
5895,2023,RNTR,19.9,87.3,1
5895,2023,TGTR,19.5,81.8,1
5895,2024,BNTR,20.2,88.6,1
5895,2024,RNTR,20.4,92.3,1
5895,2024,TGTR,19.6,81.9,1
5895,2025,BNTR,18.8,72.0,1
5895,2025,RNTR,20.2,89.5,1
5895,2025,TGTR,19.6,81.0,1
5895,2026,BNTR,19.7,85.2,1
5895,2026,RNTR,20.6,94.3,1
5895,2026,RNTR,35.1,565.1,1
5895,2026,TGTR,17.8,61.0,1
5901,2021,CTTR,4.9,1.3,1
5901,2025,RNTR,5.4,1.7,1
5919,2021,RNTR,17.2,56.6,1
5919,2022,RNTR,18.7,71.6,1
5919,2022,RNTR,20.0,89.1,1
5919,2023,RNTR,8.9,7.8,1
5919,2023,RNTR,17.8,61.2,1
5919,2023,RNTR,19.9,84.8,1
5919,2024,RNTR,20.2,89.7,1
5919,2024,RNTR,20.5,93.4,1
5919,2025,RNTR,20.1,87.5,1
5919,2026,RNTR,20.1,87.2,1
5929,2021,BKTR,18.5,69.5,1
5929,2021,BKTR,20.4,94.4,1
5929,2022,RNTR,13.4,26.3,1
5929,2023,BKTR,22.1,97.0,1
5929,2024,RNTR,20.0,86.0,1
5929,2025,BKTR,19.8,84.4,1
5929,2026,RNTR,17.9,63.2,1
5944,2021,RNTR,14.8,36.2,1
5944,2021,RNTR,19.6,84.0,1
5944,2022,RNTR,13.3,26.3,1
5944,2022,RNTR,17.4,57.7,1
5944,2023,RNTR,15.4,39.2,1
5944,2023,RNTR,17.3,56.3,1
5944,2023,RNTR,17.5,65.5,1
5944,2023,RNTR,20.4,91.1,1
5944,2024,RNTR,19.3,77.0,1
5944,2024,RNTR,20.8,99.1,1
5944,2025,RNTR,19.2,78.7,1
5944,2025,RNTR,20.0,87.0,1
5944,2025,RNTR,20.1,90.1,1
5944,2026,RNTR,20.1,89.6,1
5952,2021,WALL,4.3,1.3,1
5952,2021,WALL,7.7,3.0,1
5968,2021,RNTR,18.3,67.5,1
5968,2022,RNTR,19.0,75.0,1
5968,2023,RNTR,18.3,66.7,1
5968,2024,RNTR,20.9,99.0,1
5968,2025,RNTR,12.6,21.6,1
5968,2026,RNTR,14.3,31.9,1
5971,2022,RNTR,7.9,5.4,1
5971,2025,RNTR,5.9,2.3,1
5990,2021,CTTR,4.9,1.3,1
5990,2025,CTTR,4.2,0.8,1
6039,2021,RNTR,22.3,122.1,1
6039,2021,RNTR,50.0,2600.0,1
6039,2022,RNTR,20.5,93.4,1
6039,2022,RNTR,27.4,150.0,1
6039,2023,RNTR,8.4,6.6,1
6039,2023,RNTR,19.5,82.1,1
6039,2023,RNTR,30.1,1100.1,1
6039,2024,RNTR,20.0,87.0,1
6039,2024,RNTR,35.1,1610.0,1
6039,2024,RNTR,65.0,9000.0,1
6039,2025,RNTR,20.1,87.5,1
6039,2026,RNTR,20.3,90.8,1
6044,2021,RNTR,21.0,102.6,1
6044,2021,TGTR,20.1,90.3,1
6044,2022,RNTR,19.2,78.2,1
6044,2022,TGTR,17.7,61.6,1
6044,2023,RNTR,20.2,89.1,2
6044,2023,TGTR,20.4,92.0,1
6044,2024,RNTR,20.0,86.8,1
6044,2024,RNTR,20.4,94.1,1
6044,2024,TGTR,19.4,78.4,1
6044,2025,RNTR,20.4,94.0,1
6044,2025,RNTR,20.6,96.5,1
6044,2025,TGTR,23.9,151.4,1
6044,2026,RNTR,22.3,122.9,1
6044,2026,TGTR,22.5,125.4,1
6051,2022,CTTR,13.9,30.2,1
6051,2022,CTTR,19.1,75.7,1
6051,2023,CTTR,13.7,28.0,1
6051,2023,CTTR,17.7,59.7,1
6051,2024,RNTR,16.3,47.4,1
6051,2025,CTTR,13.4,25.9,1
6051,2025,CTTR,19.3,78.1,1
6051,2026,WSCT,11.1,15.0,1
6061,2022,CTTR,21.5,113.3,1
6061,2022,CTTR,50.1,1250.0,1
6061,2025,CTTR,15.0,36.8,1
6061,2025,CTTR,19.8,87.0,1
6061,2026,WSCT,15.8,42.5,1
6082,2021,RNTR,21.0,96.4,1
6082,2022,RNTR,20.9,95.4,1
6082,2023,RNTR,20.5,89.9,1
6082,2024,RNTR,20.9,91.8,1
6082,2025,RNTR,21.0,89.0,1
6082,2026,RNTR,21.0,95.8,1
6086,2021,RNTR,15.0,37.0,1
6086,2022,RNTR,13.1,25.1,1
6086,2023,RNTR,17.4,56.4,1
6086,2024,RNTR,5.2,1.5,1
6086,2024,RNTR,19.9,85.6,1
6086,2024,RNTR,22.7,129.5,1
6086,2025,RNTR,18.1,67.5,1
6086,2026,RNTR,17.3,56.8,1
6120,2023,WSCT,16.8,51.4,1
6120,2023,WSCT,28.6,252.5,1
6160,2021,BKTR,6.6,3.2,1
6160,2022,BKTR,7.4,4.4,1
6160,2024,BKTR,7.4,4.4,1
6160,2025,BKTR,5.1,1.4,1
6160,2026,BKTR,5.2,1.5,1
6173,2021,RNTR,20.5,89.8,1
6173,2021,RNTR,20.8,102.7,1
6173,2021,RNTR,20.9,99.3,1
6173,2023,RNTR,20.5,89.9,1
6173,2024,RNTR,20.5,92.3,1
6173,2025,RNTR,20.2,89.5,1
6173,2025,RNTR,20.3,94.3,1
6173,2026,RNTR,20.1,92.6,1
6524,2021,BNTR,19.1,76.9,1
6524,2021,RNTR,19.4,80.7,1
6524,2022,BNTR,17.9,63.0,1
6524,2022,RNTR,21.4,108.9,1
6524,2023,BNTR,18.6,71.2,1
6524,2023,RNTR,18.6,71.2,1
6524,2024,BNTR,19.5,80.0,1
6524,2024,RNTR,19.9,85.5,1
6524,2025,BNTR,19.1,75.2,1
6524,2025,RNTR,20.2,91.3,1
6524,2026,BNTR,21.8,114.5,1
6524,2026,RNTR,20.3,92.9,1
6525,2021,CTTR,4.9,1.3,1
6525,2025,CTTR,4.2,0.8,1
6528,2021,BNTR,18.6,71.2,1
6528,2021,RNTR,16.4,48.6,1
6528,2021,RNTR,22.0,117.5,1
6528,2021,TGTR,20.1,90.3,1
6528,2022,BNTR,17.6,60.3,1
6528,2022,RNTR,23.0,134.5,1
6528,2022,RNTR,24.9,169.9,1
6528,2022,TGTR,9.3,8.8,1
6528,2023,BNTR,18.0,63.2,1
6528,2023,RNTR,8.7,7.3,1
6528,2023,RNTR,17.9,63.6,1
6528,2023,RNTR,20.2,88.8,1
6528,2023,TGTR,19.5,80.4,1
6528,2024,BNTR,20.3,90.0,1
6528,2024,RNTR,10.2,11.7,1
6528,2024,RNTR,20.3,90.1,1
6528,2024,RNTR,20.4,94.1,1
6528,2025,BNTR,19.3,77.5,1
6528,2025,RNTR,18.6,71.3,1
6528,2025,RNTR,19.9,87.6,1
6528,2025,RNTR,20.7,97.4,1
6528,2025,RNTR,20.8,98.9,1
6528,2025,RNTR,24.4,160.9,1
6528,2025,TGTR,22.9,132.5,1
6528,2026,BNTR,21.8,114.5,1
6528,2026,RNTR,20.1,90.3,1
6530,2021,CTTR,4.9,1.3,1
6533,2021,RNTR,15.4,40.6,1
6533,2022,RNTR,13.9,29.6,1
6533,2023,RNTR,17.5,57.5,1
6533,2024,RNTR,5.2,1.5,1
6533,2024,RNTR,20.4,91.3,1
6533,2025,RNTR,19.6,83.5,1
6533,2026,RNTR,17.8,62.6,1
6534,2021,RNTR,14.4,33.1,1
6534,2022,RNTR,13.4,26.7,1
6534,2023,RNTR,17.6,59.3,1
6534,2023,RNTR,17.8,61.0,1
6534,2024,RNTR,5.2,1.5,1
6534,2024,RNTR,20.2,89.3,1
6534,2025,RNTR,17.7,61.6,1
6534,2026,RNTR,18.5,70.1,1
6535,2021,RNTR,14.4,32.9,1
6535,2022,RNTR,13.5,27.3,1
6535,2023,RNTR,17.8,60.5,1
6535,2024,RNTR,20.7,96.0,1
6535,2025,RNTR,18.4,69.1,1
6535,2026,RNTR,18.1,65.7,1
6537,2021,RNTR,15.4,40.7,1
6537,2022,RNTR,13.3,25.8,1
6537,2023,BKTR,5.4,1.7,1
6537,2023,RNTR,17.9,62.0,1
6537,2024,RNTR,5.2,1.5,1
6537,2024,RNTR,20.3,89.9,1
6537,2025,RNTR,17.7,61.0,2
6537,2026,RNTR,15.8,43.9,1
6541,2021,CTTR,4.9,1.3,1
6541,2025,CTTR,4.2,0.8,1
6598,2021,RNTR,19.9,86.6,1
6598,2023,RNTR,20.4,92.0,1
6598,2025,RNTR,23.6,144.6,1
6601,2021,BKTR,20.4,94.6,1
6601,2022,BKTR,19.3,79.3,1
6601,2023,BKTR,20.0,90.1,1
6601,2024,BKTR,19.9,85.6,1
6601,2025,BKTR,20.3,90.2,1
6601,2026,BKTR,19.5,80.6,1
6605,2021,CTTR,4.9,1.3,1
6605,2025,CTTR,4.2,0.8,1
6606,2025,CTTR,4.2,0.8,1
6607,2021,RNTR,22.7,129.5,1
6607,2022,CTTR,13.8,28.7,1
6607,2023,CTTR,14.5,32.8,1
6607,2025,CTTR,14.1,30.2,1
6607,2026,WSCT,15.8,42.5,1
6608,2021,RNTR,23.1,136.0,1
6608,2022,CTTR,13.8,28.7,1
6608,2023,CTTR,14.5,32.8,1
6608,2025,CTTR,14.1,30.2,1
6608,2026,WSCT,15.8,42.5,1
6609,2021,RNTR,19.1,77.4,1
6609,2022,RNTR,21.9,116.9,1
6609,2023,RNTR,21.2,101.5,1
6609,2024,RNTR,20.7,95.1,1
6609,2025,RNTR,20.8,95.5,1
6609,2026,RNTR,21.5,109.0,1
6610,2021,CTTR,4.9,1.3,1
6613,2021,RNTR,20.1,87.5,1
6613,2021,RNTR,20.9,92.0,1
6613,2022,RNTR,20.9,97.9,1
6613,2022,RNTR,21.9,116.9,1
6613,2023,RNTR,22.3,121.6,1
6613,2024,RNTR,20.9,91.8,1
6613,2025,RNTR,21.0,89.0,1
6613,2026,RNTR,20.7,93.1,1
6614,2021,RNTR,20.0,88.0,1
6614,2022,RNTR,21.6,109.8,1
6614,2023,RNTR,8.3,6.3,1
6614,2023,RNTR,20.0,85.8,1
6614,2024,RNTR,20.7,96.0,1
6614,2025,RNTR,20.2,89.2,1
6614,2026,RNTR,20.7,95.9,1
6617,2021,RNTR,22.3,123.0,1
6617,2022,RNTR,20.4,93.9,1
6617,2023,RNTR,19.9,84.8,1
6617,2024,RNTR,20.0,85.8,1
6617,2025,RNTR,19.9,87.2,1
6617,2025,RNTR,20.0,86.0,1
6617,2025,RNTR,26.8,213.3,1
6617,2026,RNTR,21.3,104.1,1
6618,2021,RNTR,19.1,77.4,1
6618,2022,RNTR,21.9,116.9,1
6618,2023,RNTR,21.5,108.0,1
6618,2024,RNTR,20.7,95.2,1
6618,2025,RNTR,23.6,144.6,1
6618,2026,RNTR,23.7,147.2,1
6619,2021,RNTR,20.1,87.5,1
6619,2022,RNTR,20.9,97.9,1
6619,2023,RNTR,20.5,89.9,1
6619,2024,RNTR,20.9,91.8,1
6619,2025,RNTR,21.0,89.0,1
6619,2026,RNTR,20.7,93.9,1
6620,2021,RNTR,18.2,67.0,1
6620,2021,RNTR,19.5,82.1,1
6620,2021,RNTR,21.5,109.4,1
6620,2021,RNTR,30.0,410.0,1
6620,2022,RNTR,21.2,105.9,1
6620,2023,RNTR,7.5,4.6,1
6620,2023,RNTR,14.4,32.5,1
6620,2023,RNTR,20.0,86.2,1
6620,2024,RNTR,7.7,5.0,1
6620,2024,RNTR,20.0,87.0,1
6620,2024,RNTR,21.6,103.4,1
6620,2025,RNTR,20.6,96.4,1
6620,2026,RNTR,20.2,91.7,1
6622,2021,RNTR,21.0,96.4,1
6622,2022,RNTR,20.9,95.4,1
6622,2023,RNTR,20.5,89.9,1
6622,2024,RNTR,20.9,92.1,1
6622,2025,RNTR,21.0,89.0,1
6622,2026,RNTR,20.7,93.9,1
6623,2021,RNTR,20.7,93.6,1
6623,2021,RNTR,21.1,91.2,1
6623,2021,RNTR,21.8,101.1,1
6623,2022,RNTR,20.6,91.5,1
6623,2023,RNTR,20.1,90.5,1
6623,2023,RNTR,20.5,89.9,1
6623,2024,RNTR,20.4,90.1,1
6623,2024,RNTR,30.1,265.1,1
6623,2025,RNTR,20.4,93.3,1
6623,2025,RNTR,30.0,220.1,1
6623,2026,RNTR,21.0,95.4,1
6625,2021,RNTR,16.3,47.7,1
6625,2022,RNTR,20.4,94.2,1
6625,2023,RNTR,21.7,111.1,1
6625,2024,RNTR,23.0,131.0,1
6625,2025,RNTR,23.7,143.9,1
6625,2026,RNTR,23.4,138.0,1
6626,2021,RNTR,21.1,104.3,1
6626,2022,RNTR,21.9,115.0,1
6626,2023,RNTR,21.4,106.1,1
6626,2024,RNTR,20.1,88.0,1
6626,2025,RNTR,23.1,133.3,1
6626,2026,RNTR,23.3,137.1,1
6632,2021,CTTR,4.9,1.3,1
6635,2021,RNTR,7.4,4.5,1
6635,2022,RNTR,7.9,5.4,1
6635,2023,RNTR,8.5,6.6,1
6635,2024,RNTR,6.1,2.5,1
6635,2025,RNTR,5.9,2.3,1
6636,2021,RNTR,18.4,68.6,1
6636,2022,RNTR,21.5,110.3,1
6636,2023,RNTR,19.7,84.5,1
6636,2024,RNTR,20.1,87.2,1
6636,2025,RNTR,21.0,102.0,1
6636,2026,RNTR,21.4,108.9,1
6637,2021,RNTR,19.0,75.4,1
6637,2022,RNTR,21.5,110.3,1
6637,2023,RNTR,20.5,94.8,1
6637,2024,RNTR,20.1,88.3,1
6637,2025,RNTR,21.0,102.0,1
6637,2026,RNTR,21.1,104.5,1
6638,2022,RNTR,7.0,3.8,1
6638,2024,RNTR,6.1,2.5,1
6642,2021,RNTR,20.4,95.6,1
6642,2022,RNTR,17.3,57.0,1
6642,2022,RNTR,20.2,91.4,1
6642,2023,RNTR,16.0,45.1,1
6642,2023,RNTR,20.0,88.0,1
6642,2023,RNTR,20.1,89.7,1
6642,2024,RNTR,20.1,87.7,1
6642,2025,RNTR,20.0,88.9,1
6642,2026,RNTR,21.7,113.1,1
6647,2021,RNTR,16.3,48.8,1
6647,2022,RNTR,20.4,94.2,1
6647,2023,RNTR,21.7,111.1,1
6647,2024,RNTR,23.0,131.0,1
6647,2025,RNTR,23.7,143.9,1
6647,2026,RNTR,23.3,137.1,1
6651,2021,RNTR,20.8,99.0,1
6651,2022,RNTR,18.9,73.3,1
6651,2023,RNTR,20.3,90.8,1
6651,2024,RNTR,20.2,89.6,1
6651,2025,RNTR,21.2,102.2,1
6651,2026,RNTR,20.7,95.2,1
6652,2022,BKTR,11.5,16.7,1
6652,2024,BKTR,12.9,23.1,1
6654,2023,CTTR,17.1,52.8,1
6655,2021,RNTR,20.1,87.5,1
6655,2022,RNTR,20.9,97.9,1
6655,2023,RNTR,20.5,89.9,1
6655,2024,RNTR,20.9,91.8,1
6655,2026,RNTR,21.0,95.8,1
6658,2021,RNTR,20.8,99.0,1
6658,2022,RNTR,21.3,106.0,1
6658,2023,RNTR,20.3,90.8,1
6658,2024,RNTR,20.2,89.6,1
6658,2025,RNTR,21.2,102.2,1
6658,2026,RNTR,20.7,95.2,1
6659,2021,RNTR,20.4,93.4,1
6659,2022,RNTR,22.2,118.8,1
6659,2023,RNTR,21.7,110.0,1
6659,2024,RNTR,20.0,85.9,1
6659,2025,RNTR,21.2,103.0,1
6659,2026,RNTR,20.7,95.2,1
6662,2021,CTTR,5.5,1.9,1
6662,2025,CTTR,4.7,1.1,1
6668,2021,RNTR,18.4,68.6,1
6668,2022,RNTR,21.5,110.3,1
6668,2023,RNTR,19.7,84.5,1
6668,2024,RNTR,20.1,88.3,1
6668,2025,RNTR,21.0,102.0,1
6668,2026,RNTR,21.4,108.9,1
6669,2022,BKTR,7.6,4.8,1
6669,2024,BKTR,7.6,4.8,1
6669,2026,BKTR,4.9,1.3,1
6670,2021,RNTR,20.1,87.5,1
6670,2022,RNTR,20.9,97.9,1
6670,2023,RNTR,20.5,89.9,1
6670,2026,RNTR,21.0,95.8,1
6671,2021,RNTR,20.7,93.6,1
6671,2023,RNTR,20.5,89.9,1
6671,2024,RNTR,20.4,90.1,1
6671,2024,RNTR,30.1,265.1,1
6671,2025,RNTR,21.0,89.0,1
6671,2025,RNTR,30.0,400.0,1
6671,2026,RNTR,22.3,92.6,1
6674,2021,BKTR,19.7,84.6,1
6674,2021,BNTR,17.0,54.0,1
6674,2021,RNTR,20.6,97.3,1
6674,2021,RNTR,21.8,101.1,1
6674,2022,BKTR,20.2,91.2,1
6674,2022,BNTR,18.7,72.7,1
6674,2022,RNTR,20.5,95.7,1
6674,2022,RNTR,22.2,106.7,1
6674,2022,RNTR,27.4,224.2,1
6674,2023,BKTR,20.7,90.3,1
6674,2023,BNTR,18.3,68.4,1
6674,2023,RNTR,20.6,96.9,1
6674,2023,RNTR,20.9,93.8,1
6674,2024,BKTR,18.8,72.1,1
6674,2024,BKTR,21.7,70.1,1
6674,2024,BNTR,19.7,83.0,1
6674,2024,RNTR,20.4,87.0,1
6674,2024,RNTR,20.7,96.0,1
6674,2024,RNTR,20.9,97.9,1
6674,2024,RNTR,21.1,93.4,1
6674,2024,RNTR,21.9,115.7,1
6674,2024,TGTR,19.5,79.5,1
6674,2025,BKTR,20.2,89.2,1
6674,2025,BNTR,18.8,71.5,1
6674,2025,RNTR,20.3,90.9,1
6674,2025,RNTR,20.4,91.3,1
6674,2025,RNTR,23.9,145.7,1
6674,2025,RNTR,29.1,265.7,1
6674,2026,BKTR,18.7,71.0,1
6674,2026,BNTR,18.0,63.3,1
6674,2026,RNTR,20.4,93.4,1
6674,2026,RNTR,20.7,93.9,1
6674,2026,RNTR,23.0,131.4,1
6677,2021,RNTR,22.6,127.5,1
6677,2022,RNTR,21.8,113.1,1
6677,2023,RNTR,21.8,112.0,1
6677,2024,RNTR,20.0,86.1,1
6677,2025,CTTR,13.2,24.7,1
6677,2025,RNTR,20.1,87.7,1
6677,2026,WSCT,14.2,31.0,1
6682,2021,RNTR,20.9,92.0,1
6682,2021,RNTR,21.4,97.3,1
6682,2022,RNTR,21.1,95.6,1
6682,2023,RNTR,21.7,93.2,1
6682,2024,RNTR,20.5,93.1,1
6682,2025,RNTR,20.3,94.3,1
6682,2026,RNTR,20.7,97.9,1
6684,2021,RNTR,15.8,43.7,1
6684,2021,TGTR,22.3,122.3,1
6684,2022,BKTR,19.9,87.1,1
6684,2022,TGTR,16.7,51.8,1
6684,2023,RNTR,17.9,61.7,1
6684,2023,TGTR,20.3,90.8,1
6684,2024,BKTR,20.8,93.6,1
6684,2024,TGTR,19.4,78.4,1
6684,2025,RNTR,17.7,60.7,1
6684,2025,TGTR,23.9,151.4,1
6684,2026,BKTR,21.0,102.8,1
6684,2026,TGTR,22.5,125.4,1
6686,2021,RNTR,21.1,93.1,1
6686,2021,TGTR,17.7,60.9,1
6686,2022,RNTR,20.7,97.1,1
6686,2022,TGTR,17.7,61.0,1
6686,2023,RNTR,21.7,93.2,1
6686,2023,TGTR,19.6,83.3,1
6686,2024,RNTR,20.4,96.0,1
6686,2024,TGTR,19.1,75.8,1
6686,2025,TGTR,19.9,85.4,1
6686,2026,RNTR,20.1,92.6,1
6686,2026,TGTR,18.3,66.7,1
6688,2021,BKTR,19.2,78.8,1
6688,2022,BKTR,16.2,46.7,1
6688,2022,BKTR,19.5,82.1,1
6688,2023,BKTR,21.4,92.7,2
6688,2024,BKTR,18.5,70.1,1
6688,2025,BKTR,19.6,81.0,1
6688,2026,BKTR,20.1,89.8,1
6692,2021,RNTR,21.2,105.8,1
6692,2022,RNTR,20.0,87.0,1
6692,2023,RNTR,21.6,112.0,1
6692,2024,RNTR,20.4,91.2,1
6692,2025,RNTR,20.0,86.0,1
6692,2026,RNTR,20.2,89.0,1
6693,2021,RNTR,15.5,41.3,1
6693,2022,BKTR,19.5,82.7,1
6693,2022,RNTR,13.4,26.3,1
6693,2023,RNTR,17.4,56.8,1
6693,2024,BKTR,21.1,74.0,1
6693,2024,RNTR,19.9,85.7,1
6693,2025,RNTR,20.0,87.9,1
6693,2025,RNTR,21.7,113.2,1
6693,2026,BKTR,21.2,106.1,1
6693,2026,RNTR,21.7,113.6,1
6695,2021,RNTR,21.0,102.8,1
6695,2022,RNTR,22.1,117.6,1
6695,2023,RNTR,19.9,84.8,1
6695,2024,RNTR,20.8,97.0,1
6695,2025,RNTR,20.0,86.0,1
6695,2026,RNTR,20.5,92.8,1
6697,2021,RNTR,20.4,94.0,1
6697,2022,RNTR,20.0,87.7,1
6697,2023,RNTR,20.2,90.9,1
6697,2024,RNTR,20.2,89.0,1
6697,2025,RNTR,20.0,86.6,1
6697,2025,RNTR,22.9,132.3,1
6697,2026,RNTR,20.3,90.6,1
6697,2026,RNTR,26.2,199.1,1
6699,2021,RNTR,17.8,63.0,1
6699,2022,RNTR,17.0,54.2,1
6699,2023,RNTR,17.0,53.0,1
6699,2024,RNTR,18.6,69.6,1
6699,2025,RNTR,22.3,123.5,1
6699,2026,RNTR,18.9,74.7,1
6702,2021,TGTR,19.6,83.8,1
6702,2022,BKTR,13.3,25.8,1
6702,2022,TGTR,22.0,118.0,1
6702,2023,TGTR,9.3,8.6,1
6702,2023,TGTR,22.5,123.1,1
6702,2024,BKTR,7.4,4.4,1
6702,2024,BKTR,12.9,23.3,1
6702,2024,TGTR,23.3,135.9,1
6702,2025,TGTR,10.6,13.2,1
6702,2025,TGTR,30.6,318.1,1
6702,2026,BKTR,4.9,1.3,1
6705,2021,RNTR,19.9,86.6,1
6705,2023,RNTR,24.9,167.3,1
6705,2024,RNTR,20.7,95.1,1
6705,2025,RNTR,23.6,144.6,1
6705,2026,RNTR,23.7,147.2,1
6706,2021,BKTR,19.7,84.6,1
6706,2021,BNTR,17.0,54.0,1
6706,2021,RNTR,20.6,97.3,1
6706,2021,RNTR,21.8,101.1,1
6706,2022,BKTR,20.2,91.2,1
6706,2022,BNTR,18.7,72.7,1
6706,2022,RNTR,20.5,95.7,1
6706,2022,RNTR,20.6,91.5,1
6706,2022,RNTR,27.4,228.5,1
6706,2023,BKTR,19.7,84.8,1
6706,2023,BNTR,18.5,69.9,1
6706,2023,RNTR,20.1,90.5,1
6706,2023,RNTR,20.6,96.9,1
6706,2023,RNTR,20.9,93.8,1
6706,2023,TGTR,20.5,95.0,1
6706,2024,BKTR,21.7,70.1,1
6706,2024,BNTR,19.7,82.4,1
6706,2024,RNTR,20.4,90.3,2
6706,2024,RNTR,20.7,95.9,1
6706,2024,RNTR,21.1,93.4,1
6706,2024,TGTR,19.9,85.0,1
6706,2025,BKTR,20.2,89.3,1
6706,2025,BNTR,18.9,72.5,1
6706,2025,RNTR,20.3,91.0,1
6706,2025,RNTR,20.4,91.3,1
6706,2025,RNTR,29.1,270.0,1
6706,2025,TGTR,19.3,78.0,1
6706,2026,BKTR,18.7,71.0,1
6706,2026,BNTR,18.0,62.5,1
6706,2026,RNTR,20.4,93.4,1
6706,2026,RNTR,23.0,131.4,1
6706,2026,TGTR,17.4,57.0,1
6714,2021,RNTR,20.4,95.6,1
6714,2022,RNTR,20.7,97.3,1
6714,2023,RNTR,20.5,89.9,1
6718,2021,RNTR,20.7,93.6,1
6718,2022,RNTR,20.7,97.3,1
6718,2023,RNTR,20.5,89.9,1
6718,2024,RNTR,20.4,91.8,1
6718,2025,RNTR,20.4,93.3,1
6718,2026,RNTR,20.1,92.6,1
6721,2021,RNTR,19.1,77.4,1
6721,2022,RNTR,21.9,116.9,1
6721,2023,RNTR,21.2,101.5,1
6721,2024,RNTR,20.7,95.1,1
6721,2025,RNTR,23.6,144.6,1
6721,2026,RNTR,23.7,147.2,1
6724,2021,RNTR,21.1,97.5,1
6724,2021,RNTR,21.8,101.1,1
6724,2022,RNTR,20.6,91.5,1
6724,2022,RNTR,20.7,97.3,1
6724,2023,RNTR,20.1,90.5,1
6724,2023,RNTR,20.5,89.9,1
6724,2024,RNTR,20.4,91.8,1
6724,2025,RNTR,20.4,93.3,1
6724,2026,RNTR,21.0,96.8,1
6726,2021,RNTR,18.2,67.0,2
6726,2021,RNTR,28.0,200.0,1
6726,2021,RNTR,30.0,400.0,1
6726,2021,RNTR,50.0,2660.0,1
6726,2022,RNTR,20.0,87.0,1
6726,2022,RNTR,55.0,1200.0,1
6726,2023,RNTR,14.2,31.1,1
6726,2023,RNTR,20.2,89.3,1
6726,2023,RNTR,50.0,3800.0,1
6726,2024,RNTR,20.0,86.1,1
6726,2024,RNTR,22.0,96.0,1
6726,2024,RNTR,35.1,1610.0,1
6726,2024,RNTR,50.1,2370.0,1
6726,2025,RNTR,20.3,90.7,1
6726,2026,RNTR,20.4,91.5,1
6726,2026,RNTR,20.8,96.7,1
6730,2021,RNTR,16.3,47.7,1
6730,2022,RNTR,21.9,116.9,1
6730,2023,RNTR,19.9,87.4,1
6730,2024,RNTR,20.1,87.5,1
6730,2025,RNTR,23.8,149.0,1
6730,2026,RNTR,23.5,144.4,1
6732,2021,RNTR,18.9,74.8,1
6732,2022,RNTR,20.4,93.4,1
6732,2023,BNTR,18.8,72.0,1
6732,2023,RNTR,19.9,87.4,1
6732,2023,RNTR,20.0,86.4,1
6732,2024,RNTR,20.1,87.5,1
6732,2025,RNTR,20.6,96.6,1
6732,2026,RNTR,21.0,102.4,1
6734,2021,BKTR,45.0,820.0,1
6734,2021,BNTR,22.3,122.4,1
6734,2021,RNTR,20.6,96.4,1
6734,2022,BKTR,17.5,59.4,1
6734,2022,BKTR,47.0,1200.0,2
6734,2022,BNTR,19.1,77.4,1
6734,2022,RNTR,18.7,72.5,1
6734,2023,BKTR,18.9,75.0,1
6734,2023,BKTR,45.0,1025.0,2
6734,2023,BNTR,18.2,67.0,1
6734,2023,RNTR,20.1,90.0,1
6734,2024,BKTR,19.7,83.1,1
6734,2024,BKTR,38.0,815.0,1
6734,2024,BNTR,18.5,68.0,1
6734,2024,RNTR,22.5,123.0,1
6734,2024,RNTR,55.0,6000.0,1
6734,2025,BKTR,19.5,79.6,1
6734,2025,BKTR,40.1,870.1,2
6734,2025,BNTR,18.0,63.0,1
6734,2025,RNTR,20.4,91.4,1
6734,2025,RNTR,23.1,133.3,1
6734,2025,RNTR,29.1,266.7,1
6734,2026,BKTR,19.0,74.5,1
6734,2026,BKTR,35.0,980.0,1
6734,2026,BNTR,17.7,60.3,1
6734,2026,BNTR,42.1,972.0,1
6734,2026,RNTR,24.0,150.0,1
6735,2021,RNTR,20.8,102.7,1
6735,2021,RNTR,21.5,102.4,1
6735,2021,TGTR,16.3,47.8,1
6735,2022,TGTR,17.7,61.6,1
6735,2023,RNTR,20.5,89.9,1
6735,2023,TGTR,19.9,85.6,1
6735,2024,RNTR,20.2,96.0,1
6735,2024,RNTR,20.5,90.4,1
6735,2024,TGTR,20.2,88.6,1
6735,2025,RNTR,23.1,125.9,1
6735,2025,TGTR,20.3,90.0,1
6735,2026,RNTR,20.1,92.6,1
6735,2026,RNTR,21.1,99.9,1
6735,2026,TGTR,17.3,56.0,1
6736,2021,BNTR,17.0,54.0,1
6736,2021,RNTR,19.7,84.4,1
6736,2021,RNTR,20.6,97.3,1
6736,2022,BNTR,18.8,73.0,1
6736,2022,RNTR,21.0,102.4,1
6736,2022,RNTR,26.3,197.2,1
6736,2023,BNTR,18.8,71.9,1
6736,2023,RNTR,20.1,86.4,1
6736,2023,RNTR,21.1,94.5,1
6736,2024,BNTR,20.8,97.1,1
6736,2024,RNTR,20.2,89.2,1
6736,2024,RNTR,21.5,109.4,1
6736,2025,BNTR,19.0,74.0,1
6736,2025,RNTR,20.2,89.4,1
6736,2025,RNTR,29.1,265.7,1
6736,2026,BNTR,17.9,62.0,1
6736,2026,RNTR,22.2,118.3,1
6737,2021,RNTR,21.1,97.5,1
6737,2022,RNTR,20.7,97.3,1
6737,2023,RNTR,20.5,89.9,1
6737,2023,RNTR,30.0,239.0,1
6737,2024,RNTR,20.4,91.8,1
6737,2024,RNTR,30.1,268.0,1
6737,2025,RNTR,20.4,93.3,1
6737,2025,RNTR,30.0,220.1,1
6737,2026,RNTR,21.0,96.8,1
6741,2021,RNTR,21.1,93.1,1
6741,2021,RNTR,21.3,99.4,1
6741,2023,RNTR,20.5,89.9,1
6741,2024,RNTR,20.5,93.1,1
6741,2025,RNTR,20.3,94.3,1
6746,2021,BNTR,18.8,73.9,1
6746,2021,RNTR,20.9,99.3,1
6746,2022,BNTR,17.9,63.0,1
6746,2023,BNTR,18.9,73.5,1
6750,2021,RNTR,18.5,70.6,1
6750,2022,RNTR,20.1,90.1,1
6750,2023,RNTR,20.4,92.0,1
6750,2024,RNTR,20.7,95.1,1
6750,2025,RNTR,20.0,87.9,1
6750,2026,RNTR,21.5,109.0,1
6753,2021,RNTR,19.1,77.4,1
6753,2022,RNTR,23.1,136.8,1
6753,2023,RNTR,21.5,108.0,1
6753,2024,RNTR,20.7,95.2,1
6753,2025,RNTR,23.6,144.6,1
6753,2026,RNTR,23.7,147.2,1
6755,2021,RNTR,20.7,98.1,1
6755,2021,RNTR,30.0,410.0,1
6755,2022,RNTR,20.7,97.0,1
6755,2023,RNTR,20.3,90.2,1
6755,2024,RNTR,20.5,92.7,1
6755,2024,RNTR,20.7,96.0,1
6755,2025,RNTR,20.6,93.8,1
6755,2025,RNTR,22.9,132.3,1
6755,2026,RNTR,20.3,90.8,1
6755,2026,RNTR,26.2,199.1,1
6757,2021,RNTR,20.4,93.3,1
6757,2022,RNTR,19.1,77.4,1
6757,2022,RNTR,20.6,91.5,1
6757,2023,RNTR,20.2,90.9,1
6757,2023,RNTR,21.6,112.0,1
6757,2024,RNTR,19.9,85.6,1
6757,2024,RNTR,21.6,88.5,1
6757,2025,RNTR,20.6,89.1,1
6757,2025,RNTR,22.7,129.1,1
6757,2026,RNTR,24.5,163.2,1
6758,2021,RNTR,20.3,89.7,1
6758,2021,RNTR,20.4,93.3,1
6758,2021,TGTR,16.3,47.8,1
6758,2022,RNTR,19.1,77.4,1
6758,2022,RNTR,20.6,91.5,1
6758,2022,TGTR,15.3,39.5,1
6758,2023,RNTR,20.2,90.9,1
6758,2023,RNTR,21.6,112.0,1
6758,2023,TGTR,19.3,80.0,1
6758,2024,RNTR,20.0,86.8,1
6758,2024,RNTR,21.6,88.5,1
6758,2024,TGTR,20.0,86.0,1
6758,2025,RNTR,20.6,89.1,1
6758,2025,RNTR,22.7,129.1,1
6758,2025,TGTR,19.9,85.0,1
6758,2026,RNTR,26.2,199.1,1
6758,2026,TGTR,17.0,53.3,1
6760,2021,RNTR,19.9,87.4,1
6760,2022,RNTR,23.0,134.5,1
6760,2023,RNTR,20.1,88.1,1
6760,2024,RNTR,20.0,86.2,1
6760,2025,RNTR,23.0,135.2,1
6760,2026,RNTR,23.7,147.2,1
6761,2021,RNTR,21.0,96.4,1
6761,2022,RNTR,20.9,95.4,1
6761,2022,RNTR,22.2,106.7,1
6761,2023,RNTR,20.5,89.9,1
6761,2024,RNTR,20.9,92.1,1
6761,2025,RNTR,21.0,89.0,1
6761,2026,RNTR,20.7,93.9,1
6764,2021,RNTR,17.0,52.0,1
6764,2022,RNTR,21.7,111.1,1
6764,2023,RNTR,20.3,90.9,1
6764,2024,RNTR,20.0,85.8,1
6764,2024,RNTR,20.7,96.0,1
6764,2025,RNTR,20.2,89.2,1
6764,2025,RNTR,21.0,100.0,1
6764,2026,RNTR,20.3,90.7,1
6765,2021,RNTR,20.4,93.4,1
6765,2022,RNTR,20.9,101.3,1
6765,2023,RNTR,19.9,87.9,1
6765,2023,RNTR,20.4,92.0,1
6765,2024,RNTR,20.1,88.0,1
6765,2025,RNTR,23.9,151.0,1
6765,2026,RNTR,22.9,133.6,1
6767,2022,TGTR,18.4,65.9,1
6767,2023,TGTR,20.4,91.2,1
6767,2024,TGTR,19.5,80.0,1
6767,2025,TGTR,19.6,81.2,1
6767,2026,TGTR,18.3,66.0,1
6770,2021,BNTR,16.8,52.3,1
6770,2021,RNTR,20.4,94.3,1
6770,2021,RNTR,28.3,252.0,1
6770,2021,RNTR,30.0,410.0,1
6770,2021,TGTR,17.7,60.9,1
6770,2021,TGTR,19.6,83.8,1
6770,2022,BNTR,18.2,66.5,1
6770,2022,RNTR,21.3,106.4,1
6770,2022,TGTR,17.1,55.2,1
6770,2023,BNTR,19.0,73.5,1
6770,2023,RNTR,20.3,90.2,1
6770,2023,RNTR,25.6,181.8,1
6770,2023,TGTR,19.9,85.3,1
6770,2024,BNTR,20.7,96.0,1
6770,2024,RNTR,20.7,96.0,1
6770,2024,RNTR,55.2,2800.0,1
6770,2024,TGTR,19.5,79.6,1
6770,2025,BNTR,19.8,83.3,1
6770,2025,RNTR,23.7,143.6,1
6770,2025,TGTR,19.8,83.3,1
6770,2026,BNTR,17.6,58.4,1
6770,2026,RNTR,23.6,142.0,1
6770,2026,TGTR,16.7,50.2,1
6773,2021,BKTR,19.8,86.2,1
6773,2021,RNTR,21.4,108.9,1
6773,2021,RNTR,21.5,99.3,1
6773,2021,TGTR,15.9,44.8,1
6773,2022,BKTR,19.5,82.2,1
6773,2022,BKTR,25.1,165.1,1
6773,2022,RNTR,20.6,91.5,1
6773,2022,RNTR,21.0,102.9,1
6773,2022,RNTR,25.1,165.1,1
6773,2022,TGTR,16.9,53.7,1
6773,2022,TGTR,25.1,165.1,1
6773,2023,BKTR,20.4,91.3,1
6773,2023,RNTR,20.5,89.9,1
6773,2023,RNTR,20.6,94.0,1
6773,2023,TGTR,20.2,88.6,1
6773,2024,BKTR,19.8,91.1,1
6773,2024,RNTR,20.4,92.0,1
6773,2024,TGTR,20.2,82.0,1
6773,2025,BKTR,19.6,81.0,1
6773,2025,RNTR,20.1,87.7,1
6773,2025,TGTR,20.3,90.9,1
6773,2026,BKTR,19.4,78.3,1
6773,2026,BKTR,30.1,335.5,1
6773,2026,RNTR,21.1,99.9,1
6773,2026,RNTR,22.3,120.0,1
6773,2026,TGTR,19.0,79.3,1
6774,2021,RNTR,20.6,97.2,1
6774,2021,RNTR,20.8,99.1,1
6774,2021,RNTR,28.5,255.4,1
6774,2022,RNTR,19.5,82.2,2
6774,2022,RNTR,22.1,117.6,1
6774,2023,RNTR,20.9,93.8,1
6774,2023,RNTR,21.1,104.5,1
6774,2024,RNTR,20.5,92.6,1
6774,2024,RNTR,21.4,108.1,1
6774,2025,RNTR,20.1,87.5,1
6774,2025,RNTR,20.4,91.3,1
6774,2026,RNTR,20.3,90.7,1
6774,2026,RNTR,20.8,97.8,1
6776,2021,BKTR,19.5,81.5,1
6776,2021,RNTR,20.4,93.4,1
6776,2022,BKTR,19.5,82.2,1
6776,2022,RNTR,20.0,89.1,1
6776,2023,BKTR,21.0,103.0,1
6776,2023,RNTR,20.6,93.8,1
6776,2024,BKTR,21.7,70.1,1
6776,2024,RNTR,20.3,91.0,1
6776,2025,BKTR,19.4,78.4,1
6776,2025,RNTR,20.3,89.8,1
6776,2026,BKTR,18.5,68.0,1
6776,2026,BKTR,30.1,335.5,1
6776,2026,RNTR,24.2,152.2,1
6778,2021,RNTR,19.1,77.4,1
6778,2022,RNTR,21.9,116.9,1
6778,2023,RNTR,21.2,101.5,1
6778,2024,RNTR,20.7,95.1,1
6778,2025,RNTR,20.8,95.5,1
6778,2026,RNTR,21.5,109.0,1
6780,2021,RNTR,19.9,86.8,1
6780,2021,TGTR,17.7,60.9,1
6780,2022,RNTR,20.8,98.2,1
6780,2022,TGTR,17.1,55.2,1
6780,2023,RNTR,7.7,5.1,1
6780,2023,RNTR,20.1,87.6,1
6780,2023,TGTR,19.9,84.8,1
6780,2024,RNTR,7.6,4.8,1
6780,2024,RNTR,20.0,86.0,1
6780,2024,TGTR,19.0,74.1,1
6780,2025,RNTR,20.3,90.0,1
6780,2025,TGTR,20.1,88.0,1
6780,2026,RNTR,20.6,94.7,1
6780,2026,TGTR,16.7,50.2,1
6784,2021,BKTR,19.7,84.6,1
6784,2021,RNTR,20.6,97.3,1
6784,2022,BKTR,20.2,91.2,1
6784,2022,RNTR,21.9,115.6,1
6784,2023,BKTR,20.3,91.0,1
6784,2023,RNTR,20.6,94.0,1
6784,2024,BKTR,19.2,76.0,1
6784,2024,RNTR,20.9,99.0,1
6784,2025,BKTR,20.2,89.2,1
6784,2025,RNTR,20.3,90.9,1
6784,2026,BKTR,20.2,91.5,1
6784,2026,RNTR,23.1,136.6,1
6785,2021,BKTR,18.4,68.8,1
6785,2021,RNTR,20.6,97.3,1
6785,2022,BKTR,19.2,78.2,1
6785,2022,RNTR,21.2,105.0,1
6785,2023,BKTR,20.0,86.1,1
6785,2023,RNTR,20.5,92.9,1
6785,2024,BKTR,19.2,76.0,1
6785,2024,RNTR,20.9,99.0,1
6785,2025,BKTR,20.2,89.2,1
6785,2025,RNTR,20.3,90.9,1
6785,2026,BKTR,20.6,96.6,1
6785,2026,RNTR,24.5,163.2,1
6786,2021,RNTR,17.5,58.0,1
6786,2021,TGTR,19.6,83.8,1
6786,2022,RNTR,24.7,105.1,1
6786,2022,TGTR,23.5,143.4,1
6786,2023,RNTR,21.5,106.8,1
6786,2023,TGTR,23.1,133.1,1
6786,2024,RNTR,20.3,90.1,1
6786,2024,TGTR,20.1,87.3,1
6786,2024,TGTR,23.0,132.1,1
6786,2025,RNTR,20.0,83.3,1
6786,2025,TGTR,30.6,318.1,1
6786,2026,RNTR,20.3,90.7,1
6788,2021,RNTR,20.4,93.4,1
6788,2022,RNTR,21.3,106.0,1
6788,2023,RNTR,20.3,90.9,1
6788,2024,RNTR,20.5,93.6,1
6788,2025,RNTR,23.3,136.0,1
6788,2026,RNTR,23.4,138.0,1
6790,2021,BKTR,19.7,84.6,1
6790,2021,BNTR,17.0,54.0,1
6790,2021,RNTR,19.7,84.4,1
6790,2021,RNTR,20.3,90.3,1
6790,2021,RNTR,20.6,97.3,1
6790,2021,RNTR,21.1,104.3,1
6790,2022,BKTR,19.5,82.2,1
6790,2022,BNTR,18.8,73.0,1
6790,2022,RNTR,19.9,88.0,1
6790,2022,RNTR,20.8,99.7,1
6790,2022,RNTR,21.0,102.4,1
6790,2023,BKTR,20.2,89.0,1
6790,2023,BNTR,18.5,68.0,1
6790,2023,RNTR,20.0,86.4,1
6790,2023,RNTR,20.7,96.2,1
6790,2023,RNTR,21.1,94.5,1
6790,2024,BKTR,19.0,74.3,1
6790,2024,BNTR,20.8,97.1,1
6790,2024,RNTR,20.2,89.2,1
6790,2024,RNTR,21.5,109.4,1
6790,2025,BKTR,19.6,81.0,1
6790,2025,BNTR,19.1,75.0,1
6790,2025,RNTR,20.2,89.5,1
6790,2025,RNTR,20.3,92.1,2
6790,2025,RNTR,24.1,153.3,1
6790,2026,BKTR,18.8,72.0,1
6790,2026,BNTR,17.9,62.0,1
6790,2026,RNTR,22.2,118.3,1
6790,2026,RNTR,23.8,146.5,1
6791,2021,BNTR,16.8,52.3,1
6791,2021,RNTR,20.4,93.3,1
6791,2022,BNTR,18.7,72.7,1
6791,2022,RNTR,20.5,96.5,2
6791,2023,BNTR,18.0,64.7,1
6791,2023,RNTR,21.0,102.2,1
6791,2023,RNTR,21.7,93.2,1
6791,2024,BNTR,20.1,87.3,1
6791,2024,RNTR,20.3,90.5,1
6791,2024,RNTR,20.9,91.8,1
6791,2024,RNTR,21.4,106.0,1
6791,2025,BNTR,19.4,78.7,1
6791,2025,RNTR,20.1,87.5,1
6791,2025,RNTR,20.3,91.7,1
6791,2025,RNTR,20.6,95.0,1
6791,2026,BNTR,18.2,65.2,1
6791,2026,RNTR,20.4,93.4,1
6791,2026,RNTR,23.8,146.5,1
6791,2026,RNTR,24.2,152.2,1
6794,2021,RNTR,16.3,47.7,1
6794,2022,RNTR,20.4,93.4,1
6794,2023,RNTR,19.9,87.4,1
6794,2024,RNTR,20.1,87.5,1
6794,2025,RNTR,20.6,96.6,1
6794,2026,RNTR,21.0,102.4,1
6795,2021,RNTR,19.1,77.4,1
6795,2022,RNTR,21.9,116.9,1
6795,2023,RNTR,21.2,101.5,1
6795,2024,RNTR,20.7,95.1,1
6795,2025,RNTR,20.8,95.5,1
6795,2026,RNTR,21.5,109.0,1
6796,2021,RNTR,20.5,95.3,1
6796,2022,RNTR,20.9,100.1,1
6796,2023,RNTR,20.0,86.2,1
6796,2024,RNTR,20.0,87.0,1
6796,2025,RNTR,20.0,86.6,1
6796,2026,RNTR,20.3,90.1,1
6803,2021,RNTR,20.9,101.2,1
6803,2022,RNTR,17.9,64.6,2
6803,2022,RNTR,20.0,87.7,1
6803,2023,RNTR,19.2,80.9,1
6803,2023,RNTR,20.5,92.8,1
6803,2025,RNTR,20.4,91.4,2
6803,2026,RNTR,20.0,86.3,1
6806,2021,RNTR,21.1,92.2,2
6806,2021,RNTR,21.5,99.3,1
6806,2022,RNTR,23.5,118.6,1
6806,2023,RNTR,20.5,89.9,1
6806,2023,RNTR,23.4,137.7,1
6806,2024,RNTR,20.5,90.4,1
6806,2024,RNTR,23.1,119.5,1
6806,2025,RNTR,24.0,148.0,1
6806,2026,RNTR,21.0,95.4,1
6808,2021,RNTR,16.3,47.7,1
6808,2022,RNTR,24.7,105.0,1
6808,2023,RNTR,21.3,104.4,1
6808,2024,RNTR,20.6,94.3,1
6808,2025,RNTR,20.0,87.0,1
6808,2026,RNTR,20.3,90.8,1
6809,2021,RNTR,20.4,95.6,1
6809,2021,RNTR,20.5,89.8,1
6809,2022,RNTR,20.7,97.3,1
6809,2023,RNTR,20.5,89.9,1
6809,2024,RNTR,20.5,92.3,1
6809,2025,RNTR,20.4,93.3,1
6809,2026,RNTR,20.1,92.6,1
6810,2021,RNTR,20.9,92.0,1
6810,2021,RNTR,21.4,97.3,1
6810,2022,RNTR,21.1,95.6,1
6810,2023,RNTR,21.7,95.5,1
6810,2025,RNTR,20.3,94.3,1
6810,2026,RNTR,20.3,89.4,1
6813,2025,WALL,10.2,3.2,1
6815,2021,RNTR,19.1,77.4,1
6815,2022,RNTR,21.9,116.9,1
6815,2023,RNTR,21.5,108.0,1
6815,2024,RNTR,23.2,135.0,1
6815,2025,RNTR,23.6,144.6,1
6815,2026,RNTR,23.7,147.2,1
6816,2021,RNTR,20.3,90.3,1
6816,2022,RNTR,20.9,97.9,1
6816,2023,RNTR,20.5,89.9,1
6816,2024,RNTR,20.9,91.8,1
6816,2025,RNTR,20.6,89.1,1
6816,2025,RNTR,32.0,350.0,1
6816,2026,RNTR,20.7,93.1,1
6818,2021,RNTR,20.3,88.6,1
6818,2021,RNTR,21.4,97.3,1
6818,2022,RNTR,20.6,91.3,1
6818,2022,RNTR,21.1,95.6,1
6818,2023,RNTR,20.2,90.9,1
6818,2023,RNTR,21.7,95.5,1
6818,2023,RNTR,30.0,239.0,1
6818,2024,RNTR,20.5,93.1,1
6818,2024,RNTR,21.6,88.5,1
6818,2024,RNTR,30.0,335.0,1
6818,2026,RNTR,20.3,89.4,1
6820,2021,RNTR,17.8,62.8,1
6820,2022,RNTR,22.4,100.1,1
6820,2023,RNTR,21.0,100.4,1
6820,2024,RNTR,20.7,95.5,1
6820,2025,RNTR,20.0,87.0,1
6820,2026,RNTR,20.3,90.9,1
6821,2021,BKTR,20.0,89.1,1
6821,2022,BKTR,19.8,86.1,1
6821,2023,BKTR,23.4,137.8,1
6821,2024,BKTR,21.7,76.0,1
6821,2025,BKTR,20.9,99.2,1
6821,2026,BKTR,21.4,109.3,1
6822,2021,BNTR,16.8,52.1,1
6822,2021,RNTR,20.1,87.6,1
6822,2021,RNTR,20.3,89.7,1
6822,2021,RNTR,20.4,94.0,1
6822,2022,BNTR,18.2,66.5,1
6822,2022,RNTR,20.1,90.6,1
6822,2022,RNTR,21.3,106.4,1
6822,2023,BNTR,18.7,72.4,1
6822,2023,RNTR,20.5,89.9,1
6822,2023,RNTR,20.9,100.8,1
6822,2024,BNTR,19.8,83.5,1
6822,2024,RNTR,20.4,87.0,1
6822,2024,RNTR,20.5,92.6,1
6822,2024,RNTR,30.0,335.0,1
6822,2025,BNTR,18.5,68.0,1
6822,2025,RNTR,20.1,87.8,1
6822,2025,RNTR,20.3,91.7,1
6822,2026,BNTR,17.2,54.5,1
6822,2026,RNTR,21.1,91.6,1
6822,2026,RNTR,23.7,143.1,1
6823,2021,RNTR,20.3,89.2,2
6823,2021,RNTR,21.4,97.3,1
6823,2022,RNTR,20.3,96.6,1
6823,2022,RNTR,20.7,97.1,1
6823,2023,RNTR,21.7,96.3,1
6823,2023,TGTR,19.3,80.0,1
6823,2024,RNTR,20.5,93.1,1
6823,2024,TGTR,20.0,87.0,1
6823,2025,RNTR,20.3,94.3,1
6823,2025,TGTR,20.3,90.0,1
6823,2026,RNTR,20.1,92.6,1
6823,2026,TGTR,17.0,53.3,1
6825,2021,RNTR,18.9,74.8,1
6825,2022,RNTR,20.4,93.4,1
6825,2023,RNTR,19.9,87.4,1
6825,2024,RNTR,20.1,87.5,1
6825,2025,RNTR,20.6,96.6,1
6825,2026,RNTR,22.1,119.6,1
6827,2021,RNTR,21.2,104.9,1
6827,2022,RNTR,22.1,119.7,1
6827,2023,RNTR,20.3,92.0,1
6827,2024,RNTR,19.8,86.7,1
6827,2024,RNTR,19.9,85.7,1
6827,2025,RNTR,20.3,92.0,1
6827,2026,RNTR,20.8,99.9,1
6830,2021,RNTR,19.9,86.6,1
6830,2022,RNTR,21.9,116.9,1
6830,2023,RNTR,20.4,92.0,1
6830,2024,RNTR,20.7,95.1,1
6830,2025,RNTR,23.6,144.6,1
6830,2026,RNTR,23.7,147.2,1
6831,2021,RNTR,20.9,92.0,1
6831,2021,RNTR,21.4,97.3,1
6831,2022,RNTR,21.1,95.6,1
6831,2022,RNTR,23.9,124.1,1
6831,2023,RNTR,21.7,95.5,1
6831,2024,RNTR,20.5,93.1,1
6831,2024,RNTR,21.8,100.1,1
6831,2025,RNTR,25.0,180.0,1
6831,2026,RNTR,20.3,89.4,1
6833,2021,RNTR,20.0,88.0,1
6833,2021,RNTR,20.1,89.4,1
6833,2021,RNTR,30.0,410.0,1
6833,2021,RNTR,35.0,1050.0,1
6833,2021,TGTR,19.6,83.8,1
6833,2022,RNTR,17.4,58.4,1
6833,2022,RNTR,20.1,86.3,1
6833,2022,RNTR,20.3,91.6,1
6833,2022,TGTR,17.1,55.2,1
6833,2023,RNTR,7.4,4.5,1
6833,2023,RNTR,17.5,65.5,1
6833,2023,RNTR,20.2,88.4,1
6833,2023,TGTR,20.0,86.1,1
6833,2024,RNTR,20.3,90.3,1
6833,2024,RNTR,35.1,1610.0,1
6833,2024,RNTR,43.2,1750.0,1
6833,2024,TGTR,19.3,77.2,1
6833,2025,RNTR,20.0,86.0,1
6833,2025,TGTR,18.6,70.0,1
6833,2025,TGTR,20.0,86.0,1
6833,2026,RNTR,19.9,85.0,1
6833,2026,TGTR,17.6,59.1,1
6836,2022,CTTR,18.4,67.4,1
6840,2021,RNTR,18.2,66.3,1
6840,2021,RNTR,20.4,94.4,1
6840,2022,RNTR,6.9,3.6,1
6840,2022,RNTR,16.0,45.3,1
6840,2022,RNTR,18.7,72.7,1
6840,2023,RNTR,8.6,7.3,1
6840,2023,RNTR,15.9,44.2,1
6840,2024,RNTR,10.5,12.7,1
6840,2024,RNTR,18.6,69.6,1
6840,2024,RNTR,20.5,95.3,1
6840,2025,RNTR,22.0,118.0,1
6840,2026,RNTR,20.0,89.0,1
6842,2021,RNTR,21.3,98.3,1
6842,2024,RNTR,20.1,90.9,1
6842,2024,RNTR,30.1,268.0,1
6844,2021,RNTR,19.8,85.5,1
6844,2021,RNTR,21.2,105.3,1
6844,2021,RNTR,22.5,126.2,1
6844,2021,RNTR,22.8,131.9,1
6844,2021,RNTR,25.0,210.0,1
6844,2021,TGTR,16.3,47.8,1
6844,2021,TGTR,20.5,95.5,1
6844,2021,TGTR,25.0,210.0,1
6844,2022,RNTR,18.0,63.5,1
6844,2022,RNTR,19.3,78.5,1
6844,2022,RNTR,20.1,86.3,1
6844,2022,RNTR,20.2,90.0,1
6844,2022,RNTR,25.3,175.8,1
6844,2022,TGTR,9.3,8.9,1
6844,2022,TGTR,11.8,18.1,1
6844,2022,TGTR,17.7,61.6,1
6844,2022,TGTR,21.4,107.8,1
6844,2022,TGTR,23.5,143.4,1
6844,2023,RNTR,17.6,58.8,1
6844,2023,RNTR,19.2,80.9,1
6844,2023,RNTR,20.7,95.2,1
6844,2023,TGTR,8.9,7.5,1
6844,2023,TGTR,20.3,90.9,1
6844,2023,TGTR,24.1,151.1,1
6844,2024,RNTR,9.5,9.2,1
6844,2024,RNTR,10.0,10.9,1
6844,2024,RNTR,16.7,51.6,1
6844,2024,RNTR,20.0,86.4,1
6844,2024,RNTR,20.7,95.5,1
6844,2024,RNTR,21.5,110.2,1
6844,2024,TGTR,20.3,90.0,1
6844,2024,TGTR,23.4,138.7,1
6844,2024,TGTR,24.1,151.0,1
6844,2024,TGTR,24.4,156.0,1
6844,2025,RNTR,19.9,84.4,1
6844,2025,RNTR,20.0,86.4,2
6844,2025,RNTR,20.4,91.3,1
6844,2025,RNTR,20.7,97.8,1
6844,2025,RNTR,25.7,187.7,1
6844,2025,TGTR,6.9,3.6,1
6844,2025,TGTR,20.3,90.0,1
6844,2025,TGTR,28.4,254.4,1
6844,2026,RNTR,20.1,87.3,2
6844,2026,RNTR,20.6,94.1,1
6844,2026,RNTR,23.9,147.4,1
6844,2026,TGTR,17.7,60.3,1
6845,2021,RNTR,20.2,90.7,1
6845,2022,RNTR,21.0,100.9,1
6845,2023,RNTR,7.7,5.1,1
6845,2023,RNTR,20.1,87.6,1
6845,2024,BNTR,20.7,96.0,1
6845,2024,RNTR,10.3,12.0,1
6845,2024,RNTR,19.9,85.7,1
6845,2024,TGTR,18.6,70.0,1
6845,2025,BNTR,18.7,71.2,1
6845,2025,RNTR,20.0,86.0,1
6845,2025,TGTR,19.9,85.0,1
6845,2026,BNTR,17.6,58.4,1
6845,2026,RNTR,20.6,94.7,1
6845,2026,TGTR,16.7,50.2,1
6850,2024,RNTR,19.1,75.1,1
6850,2026,RNTR,23.3,136.0,1
6850,2026,WSCT,15.4,39.5,1
6852,2021,RNTR,22.1,119.0,1
6852,2022,RNTR,21.9,115.6,1
6852,2023,RNTR,20.0,85.9,1
6852,2024,RNTR,21.3,104.5,1
6852,2025,RNTR,20.3,90.9,1
6852,2026,RNTR,22.7,126.6,1
6853,2021,BNTR,17.0,54.0,1
6853,2021,RNTR,21.1,91.2,1
6853,2022,BNTR,18.2,66.5,1
6853,2022,RNTR,20.1,90.6,1
6853,2023,BNTR,18.7,70.7,1
6853,2023,RNTR,20.3,90.9,1
6853,2024,BNTR,19.8,84.0,1
6853,2024,RNTR,20.5,93.1,1
6853,2025,BNTR,19.3,77.7,1
6853,2025,RNTR,20.3,94.3,1
6853,2026,BNTR,18.4,66.8,2
6853,2026,RNTR,22.3,92.6,1
6858,2021,RNTR,21.2,105.3,1
6858,2022,CTTR,16.3,48.6,1
6858,2023,CTTR,16.0,47.0,1
6858,2025,CTTR,14.0,30.0,1
6859,2021,RNTR,20.2,90.8,1
6859,2021,RNTR,20.6,96.9,1
6859,2021,RNTR,45.0,820.0,1
6859,2022,RNTR,17.6,59.6,1
6859,2022,RNTR,20.7,97.1,1
6859,2023,RNTR,20.1,87.8,1
6859,2023,RNTR,20.5,96.0,1
6859,2024,RNTR,17.7,61.6,1
6859,2024,RNTR,20.0,86.2,1
6859,2025,RNTR,20.4,91.5,3
6859,2025,RNTR,28.0,275.0,1
6859,2026,BNTR,42.1,972.0,1
6859,2026,RNTR,20.0,86.7,1
6860,2021,BKTR,20.4,94.1,1
6860,2022,BKTR,19.1,76.8,1
6860,2023,BKTR,21.4,92.7,1
6860,2024,BKTR,21.7,70.1,1
6860,2025,BKTR,19.1,74.8,1
6860,2026,BKTR,21.5,110.2,1
6861,2021,RNTR,20.7,93.6,1
6861,2021,RNTR,21.1,91.2,1
6861,2021,TGTR,16.3,47.8,1
6861,2022,RNTR,20.6,91.5,2
6861,2023,RNTR,20.5,89.9,1
6861,2024,RNTR,20.5,93.1,1
6861,2026,RNTR,21.1,92.2,1
6868,2021,RNTR,17.5,59.6,1
6868,2021,RNTR,19.4,81.2,1
6868,2021,RNTR,21.2,105.9,1
6868,2021,TGTR,21.8,114.6,1
6868,2022,RNTR,17.8,62.6,1
6868,2022,RNTR,19.9,88.0,1
6868,2022,RNTR,20.9,98.2,1
6868,2022,TGTR,17.7,61.0,1
6868,2023,BNTR,9.1,8.1,1
6868,2023,BNTR,18.6,71.4,1
6868,2023,RNTR,17.5,65.5,1
6868,2023,RNTR,20.0,88.2,1
6868,2023,TGTR,20.0,88.2,1
6868,2024,BNTR,20.2,88.6,1
6868,2024,RNTR,8.2,6.3,1
6868,2024,RNTR,9.9,10.9,1
6868,2024,RNTR,20.0,87.0,1
6868,2024,RNTR,20.6,96.4,1
6868,2024,RNTR,55.0,6000.0,1
6868,2024,TGTR,10.8,13.7,1
6868,2024,TGTR,19.6,81.9,1
6868,2025,BNTR,19.1,75.0,1
6868,2025,RNTR,19.2,78.5,1
6868,2025,RNTR,20.2,89.5,1
6868,2025,RNTR,20.4,91.3,1
6868,2025,RNTR,29.1,265.7,1
6868,2025,TGTR,19.6,80.9,1
6868,2026,BNTR,18.2,65.2,1
6868,2026,RNTR,20.1,87.6,1
6868,2026,TGTR,18.1,64.4,1
6871,2021,RNTR,20.7,93.6,1
6871,2021,RNTR,21.8,101.1,1
6871,2021,TGTR,16.3,47.8,1
6871,2022,RNTR,20.7,97.3,1
6871,2022,TGTR,17.7,61.0,1
6871,2023,RNTR,20.5,89.9,1
6871,2023,TGTR,20.6,94.0,1
6871,2024,RNTR,20.5,90.4,1
6871,2024,TGTR,19.7,82.2,1
6871,2025,RNTR,20.4,93.3,1
6871,2025,TGTR,19.6,81.2,1
6871,2026,RNTR,21.0,96.8,1
6871,2026,TGTR,18.4,67.0,1
6873,2021,RNTR,17.7,61.6,1
6873,2021,RNTR,21.2,100.5,1
6873,2021,RNTR,26.9,214.9,2
6873,2021,RNTR,45.0,820.0,1
6873,2022,RNTR,20.8,98.2,1
6873,2023,RNTR,7.4,4.4,1
6873,2023,RNTR,20.2,90.9,1
6873,2024,RNTR,7.4,4.5,1
6873,2024,RNTR,9.9,10.7,1
6873,2024,RNTR,20.1,88.0,1
6873,2024,RNTR,20.4,92.0,1
6873,2025,RNTR,20.0,86.0,1
6873,2026,RNTR,20.6,94.3,1
6876,2021,RNTR,20.6,97.3,1
6876,2022,RNTR,21.5,110.3,1
6876,2023,RNTR,20.3,89.7,1
6876,2024,RNTR,20.9,99.0,1
6876,2025,RNTR,23.5,140.1,1
6876,2026,RNTR,24.5,163.2,1
6878,2026,RNTR,24.2,154.0,1
6879,2021,RNTR,21.0,103.0,1
6879,2022,CTTR,15.1,37.1,1
6879,2023,CTTR,15.5,44.0,1
6879,2024,RNTR,18.9,74.0,1
6879,2025,CTTR,12.5,21.0,1
6879,2026,WSCT,13.2,25.0,1
6880,2021,RNTR,21.2,105.3,1
6880,2022,CTTR,15.1,37.1,1
6880,2023,CTTR,15.5,44.0,1
6880,2024,RNTR,18.6,70.0,1
6880,2025,CTTR,13.2,24.7,1
6880,2026,WSCT,13.2,25.0,1
6882,2021,RNTR,21.1,81.1,1
6882,2022,RNTR,20.7,97.1,1
6882,2023,RNTR,21.7,96.3,1
6882,2024,RNTR,20.5,93.1,1
6882,2025,RNTR,20.3,94.3,1
6882,2026,RNTR,20.1,92.6,1
6884,2021,RNTR,20.3,93.1,1
6884,2022,RNTR,20.4,94.2,1
6884,2023,RNTR,20.5,92.8,1
6884,2024,RNTR,20.1,87.7,1
6884,2025,RNTR,24.2,156.6,1
6884,2026,RNTR,22.9,132.3,1
6890,2021,RNTR,20.6,97.3,1
6890,2022,RNTR,21.9,116.9,1
6890,2023,RNTR,20.5,92.8,1
6890,2024,RNTR,20.3,90.1,1
6890,2026,RNTR,22.9,133.7,1
6892,2021,RNTR,21.2,105.3,1
6892,2022,CTTR,16.7,48.6,1
6892,2023,CTTR,15.5,45.0,1
6892,2024,RNTR,18.6,70.0,1
6892,2025,CTTR,13.2,24.7,1
6892,2026,RNTR,23.8,145.5,1
6892,2026,WSCT,13.2,25.0,1
6893,2021,BNTR,17.0,54.0,1
6893,2021,RNTR,20.9,92.0,1
6893,2021,RNTR,21.1,90.5,1
6893,2021,TGTR,16.3,47.8,1
6893,2022,BNTR,17.7,61.2,1
6893,2022,RNTR,20.7,97.3,1
6893,2022,TGTR,16.7,51.8,1
6893,2023,BNTR,18.9,73.0,1
6893,2023,RNTR,20.5,89.9,1
6893,2023,TGTR,19.6,81.0,1
6893,2024,BNTR,20.3,91.0,1
6893,2024,RNTR,20.4,90.1,1
6893,2024,TGTR,19.7,83.0,1
6893,2025,BNTR,19.4,78.7,1
6893,2025,RNTR,20.4,93.3,1
6893,2025,TGTR,19.6,81.2,1
6893,2026,BNTR,18.2,65.2,1
6893,2026,TGTR,17.9,62.0,1
6894,2021,RNTR,16.7,52.0,1
6894,2021,RNTR,17.6,60.0,1
6894,2022,RNTR,19.7,84.6,1
6894,2023,RNTR,20.0,86.2,1
6894,2024,RNTR,20.0,86.9,1
6894,2025,RNTR,20.9,101.6,1
6894,2026,RNTR,20.1,95.0,1
6894,2026,RNTR,20.6,96.8,1
6897,2021,TGTR,16.5,49.7,1
6897,2022,TGTR,16.5,49.1,1
6897,2023,TGTR,20.3,91.1,1
6897,2024,TGTR,20.0,86.0,1
6897,2025,TGTR,21.2,102.4,1
6897,2026,TGTR,19.5,80.0,1
6900,2021,BKTR,18.4,68.8,1
6900,2021,RNTR,20.9,100.6,1
6900,2022,BKTR,10.7,13.3,1
6900,2022,BKTR,19.2,78.2,1
6900,2022,RNTR,20.9,100.1,1
6900,2023,BKTR,20.7,90.3,1
6900,2023,RNTR,20.2,88.4,1
6900,2024,BKTR,18.5,70.1,1
6900,2024,RNTR,20.2,88.4,1
6900,2025,BKTR,19.5,80.0,2
6900,2025,RNTR,20.7,96.5,2
6900,2026,BKTR,18.8,72.0,1
6900,2026,RNTR,20.5,92.9,1
6902,2021,RNTR,21.2,105.3,1
6902,2022,CTTR,16.1,46.1,1
6902,2022,CTTR,17.1,62.1,1
6902,2023,CTTR,16.0,47.0,1
6902,2024,RNTR,19.7,85.1,1
6902,2025,CTTR,13.2,25.0,1
6902,2025,CTTR,20.0,80.0,1
6902,2025,CTTR,35.0,800.0,1
6902,2026,WSCT,14.1,30.5,1
6902,2026,WSCT,17.5,57.6,1
6903,2021,RNTR,19.9,87.3,1
6903,2021,RNTR,21.6,111.2,1
6903,2022,RNTR,19.2,77.3,1
6903,2022,RNTR,20.9,98.2,1
6903,2023,RNTR,8.3,6.2,1
6903,2023,RNTR,20.1,89.7,1
6903,2024,RNTR,20.0,85.8,1
6903,2025,RNTR,20.3,90.7,1
6903,2026,RNTR,20.4,92.0,1
6904,2021,RNTR,20.9,101.1,1
6904,2022,RNTR,21.9,116.9,1
6904,2023,RNTR,17.1,52.7,1
6904,2023,RNTR,25.6,182.1,1
6904,2024,RNTR,20.2,88.9,1
6904,2025,RNTR,22.5,126.9,1
6904,2026,RNTR,21.3,107.3,1
6905,2021,BKTR,18.4,68.9,1
6905,2021,RNTR,20.4,93.3,1
6905,2022,BKTR,19.2,78.2,1
6905,2022,RNTR,21.2,105.0,1
6905,2023,BKTR,19.7,82.0,1
6905,2023,RNTR,20.0,85.9,1
6905,2024,BKTR,19.1,75.0,1
6905,2024,RNTR,20.9,98.0,1
6905,2025,BKTR,20.2,89.2,1
6905,2025,RNTR,20.3,90.9,1
6905,2026,BKTR,19.5,80.0,1
6905,2026,RNTR,24.2,152.2,1
6914,2021,RNTR,16.3,47.7,1
6914,2021,RNTR,50.0,2600.0,1
6914,2022,RNTR,24.7,105.0,1
6914,2023,RNTR,21.8,111.3,1
6914,2024,RNTR,23.1,133.8,1
6914,2024,RNTR,45.0,1670.0,1
6914,2025,RNTR,23.0,132.0,1
6914,2026,RNTR,22.9,130.0,1
6915,2021,RNTR,16.3,47.7,1
6915,2021,RNTR,50.0,2600.0,1
6915,2022,RNTR,24.7,105.0,1
6915,2023,RNTR,21.3,104.4,1
6915,2024,RNTR,23.1,133.8,1
6915,2024,RNTR,45.0,1670.0,1
6915,2025,RNTR,23.0,132.0,1
6915,2026,RNTR,22.9,130.0,1
6917,2021,RNTR,20.4,93.4,1
6917,2022,RNTR,21.3,106.0,1
6917,2023,RNTR,20.7,96.2,1
6917,2024,RNTR,20.4,91.3,1
6917,2025,RNTR,23.7,143.9,1
6917,2026,RNTR,23.4,138.0,1
6921,2021,RNTR,22.9,133.3,1
6921,2022,RNTR,22.4,100.1,1
6921,2023,RNTR,20.0,85.8,1
6922,2021,RNTR,22.9,133.3,1
6922,2022,RNTR,22.4,100.1,1
6922,2023,RNTR,20.0,85.8,1
6923,2021,RNTR,16.7,50.7,1
6923,2021,RNTR,17.3,57.3,1
6923,2021,RNTR,19.2,78.9,1
6923,2021,RNTR,21.2,105.9,1
6923,2021,RNTR,30.0,410.0,1
6923,2021,RNTR,50.0,2660.0,1
6923,2021,TGTR,16.5,49.4,1
6923,2022,RNTR,19.0,75.7,1
6923,2022,TGTR,16.9,53.1,1
6923,2023,RNTR,20.1,87.6,1
6923,2023,TGTR,19.9,84.8,1
6923,2024,RNTR,7.7,4.9,1
6923,2024,RNTR,20.1,87.8,1
6923,2024,TGTR,20.1,87.3,1
6923,2025,RNTR,20.4,93.6,2
6923,2025,TGTR,19.8,83.7,1
6923,2026,RNTR,20.1,89.6,1
6923,2026,RNTR,20.7,98.2,1
6923,2026,TGTR,20.9,101.3,1
17894,2021,RNTR,21.1,93.1,1
17894,2023,RNTR,20.5,89.9,1
17894,2024,RNTR,20.5,93.1,1
17894,2025,RNTR,20.3,94.3,1
18007,2021,RNTR,4.7,1.2,1
18007,2021,RNTR,20.3,92.0,1
18007,2022,RNTR,20.7,96.2,1
18007,2023,RNTR,13.4,25.9,1
18007,2023,RNTR,20.9,100.8,1
18007,2024,RNTR,11.8,17.9,1
18007,2024,RNTR,20.4,91.2,1
18007,2025,RNTR,20.1,87.8,1
18007,2025,RNTR,20.2,89.1,1
18007,2026,RNTR,20.0,86.7,1
18019,2021,BKTR,20.2,90.7,1
18019,2021,RNTR,20.7,98.7,1
18019,2022,BKTR,19.5,82.2,1
18019,2022,RNTR,20.6,91.5,1
18019,2022,RNTR,21.0,102.4,1
18019,2023,BKTR,20.7,90.3,1
18019,2023,RNTR,20.0,86.6,1
18019,2024,BKTR,21.7,70.1,1
18019,2024,RNTR,20.1,88.0,1
18019,2025,BKTR,19.6,80.9,1
18019,2025,RNTR,20.1,87.5,1
18019,2026,BKTR,19.3,77.2,1
18019,2026,RNTR,24.2,152.2,1
18020,2021,RNTR,20.4,95.6,1
18020,2022,RNTR,20.7,97.3,1
18020,2023,RNTR,20.5,89.9,1
18020,2024,RNTR,21.6,96.0,1
18020,2025,RNTR,20.4,93.3,1
18020,2026,RNTR,20.1,92.6,1
18022,2021,RNTR,21.0,96.4,1
18022,2022,RNTR,20.7,97.3,1
18022,2023,RNTR,20.5,89.9,1
18022,2023,RNTR,30.0,239.0,1
18022,2024,RNTR,20.9,92.1,1
18022,2024,RNTR,30.1,225.5,1
18022,2025,RNTR,20.6,89.1,1
18022,2025,RNTR,32.0,350.0,1
18022,2026,RNTR,20.1,92.6,1
18997,2021,CTTR,4.9,1.3,1
19525,2021,RNTR,22.4,124.8,1
19525,2022,RNTR,19.7,83.0,1
19525,2023,RNTR,20.3,90.8,1
19525,2024,RNTR,20.7,96.0,1
19525,2025,RNTR,18.2,67.1,1
19525,2026,RNTR,17.7,61.1,1
19760,2021,RNTR,19.1,77.4,1
19760,2021,RNTR,24.2,156.3,1
19760,2022,RNTR,23.4,141.7,1
19760,2022,RNTR,27.5,231.0,1
19760,2023,RNTR,20.0,88.0,1
19760,2023,RNTR,20.6,92.9,1
19760,2024,RNTR,20.3,90.9,1
19760,2024,RNTR,21.4,108.8,1
19760,2025,RNTR,22.8,131.3,1
19760,2025,RNTR,23.8,149.9,1
19760,2026,RNTR,23.1,133.7,1
20258,2021,RNTR,21.0,96.4,1
20258,2021,RNTR,21.8,101.1,1
20258,2022,RNTR,20.9,95.4,1
20258,2023,RNTR,21.6,93.2,1
20258,2024,RNTR,20.9,92.1,1
20258,2025,RNTR,21.0,89.0,2
20258,2026,RNTR,22.7,126.6,1
20258,2026,TGTR,18.6,70.0,1
20267,2021,RNTR,19.5,83.0,1
20267,2022,RNTR,21.9,116.9,1
20267,2023,RNTR,20.1,87.5,1
20267,2023,RNTR,21.4,105.6,1
20267,2024,RNTR,20.7,95.1,1
20267,2025,RNTR,20.8,95.5,1
20267,2026,RNTR,21.5,109.0,1
21137,2021,RNTR,18.0,64.2,1
21137,2022,RNTR,20.4,94.5,1
21137,2023,RNTR,20.3,92.0,1
21137,2024,RNTR,23.2,135.0,1
21137,2025,RNTR,23.6,144.6,1
21137,2026,RNTR,24.9,172.2,1
21332,2021,RNTR,16.3,47.7,1
21332,2022,RNTR,22.4,100.1,1
21332,2023,RNTR,20.0,85.8,1
21332,2024,RNTR,20.7,96.0,1
21353,2021,RNTR,20.0,88.0,1
21353,2021,RNTR,42.0,821.0,1
21353,2022,RNTR,23.6,145.2,1
21353,2023,RNTR,20.2,88.8,1
21353,2024,RNTR,20.0,86.2,1
21353,2025,RNTR,22.8,131.3,1
21353,2025,RNTR,23.8,149.9,1
21353,2026,RNTR,23.5,144.4,1
22504,2021,RNTR,20.3,92.7,1
22504,2021,RNTR,21.9,116.0,1
22504,2021,RNTR,27.8,236.6,1
22504,2021,RNTR,45.0,820.0,1
22504,2022,RNTR,20.7,96.2,1
22504,2022,RNTR,26.3,198.6,1
22504,2023,RNTR,20.2,89.2,1
22504,2023,RNTR,20.3,89.2,1
22504,2023,RNTR,21.1,103.0,1
22504,2024,RNTR,22.2,118.0,1
22504,2025,RNTR,20.4,91.3,1
22504,2025,RNTR,23.3,136.0,1
22504,2025,RNTR,29.1,265.7,1
22504,2026,RNTR,23.9,147.0,1
22993,2021,RNTR,21.1,83.1,1
22993,2022,BNTR,18.2,66.5,1
22993,2023,BNTR,18.8,72.0,1
22993,2023,RNTR,20.5,89.9,1
22993,2023,RNTR,25.3,174.1,1
22993,2024,BNTR,20.4,92.0,1
22993,2024,RNTR,20.3,89.1,1
22993,2025,BNTR,18.9,72.4,1
22993,2025,RNTR,20.3,94.3,1
22993,2026,BNTR,18.1,64.0,1
22993,2026,BNTR,64.0,3200.0,1
22993,2026,RNTR,20.1,92.6,1
22995,2021,RNTR,19.1,77.4,1
22995,2022,RNTR,21.9,116.9,1
22995,2023,RNTR,21.2,101.5,1
22995,2024,RNTR,20.7,95.1,1
22995,2025,RNTR,23.6,144.6,1
22995,2026,RNTR,23.7,147.2,1
23094,2025,RNTR,20.6,89.1,1
23292,2021,RNTR,16.3,48.8,1
23292,2022,RNTR,23.0,103.2,1
23292,2022,RNTR,27.1,219.2,1
23292,2023,RNTR,19.8,85.9,1
23292,2024,RNTR,20.1,88.0,1
23292,2025,RNTR,23.7,143.4,1
23293,2021,RNTR,22.2,121.0,1
23293,2022,RNTR,20.2,90.0,1
23293,2023,RNTR,21.3,104.4,1
23293,2024,RNTR,20.3,90.0,1
23293,2025,RNTR,22.9,132.3,1
23293,2026,RNTR,23.5,144.4,1
23789,2021,BNTR,18.8,73.2,1
23789,2021,RNTR,20.8,99.0,1
23789,2022,RNTR,21.1,102.9,1
23789,2023,BNTR,20.9,98.4,1
23789,2023,RNTR,20.3,90.2,1
23789,2024,BNTR,20.6,94.4,1
23789,2024,RNTR,20.7,96.0,1
23789,2025,RNTR,21.2,102.2,1
23789,2026,BNTR,18.8,71.2,1
23789,2026,RNTR,20.7,95.2,1
23790,2021,RNTR,22.4,124.8,1
23790,2022,RNTR,21.5,108.0,1
23790,2023,RNTR,20.5,92.9,1
23790,2024,RNTR,20.7,96.0,1
23790,2025,RNTR,21.1,102.0,1
23790,2026,RNTR,20.7,95.2,1
23791,2021,RNTR,22.4,124.8,1
23791,2022,RNTR,21.7,112.0,1
23791,2023,RNTR,20.7,96.4,1
23791,2024,RNTR,20.7,96.0,1
23791,2025,RNTR,21.1,102.0,1
23791,2026,RNTR,20.7,95.2,1
24053,2021,RNTR,20.0,88.0,1
24053,2021,RNTR,24.2,156.3,1
24053,2021,RNTR,39.0,650.0,1
24053,2021,RNTR,42.0,821.0,1
24053,2022,RNTR,23.6,145.2,1
24053,2023,RNTR,20.2,88.8,1
24053,2024,RNTR,20.0,86.2,1
24053,2024,RNTR,22.5,125.0,1
24053,2025,RNTR,23.8,149.9,1
24053,2026,RNTR,23.5,144.4,1
24312,2021,RNTR,22.4,124.8,1
24312,2022,RNTR,21.0,101.0,1
24312,2023,RNTR,20.7,96.4,1
24312,2024,RNTR,20.7,96.0,1
24312,2025,RNTR,21.1,102.0,1
24312,2026,RNTR,20.7,95.2,1
24364,2021,RNTR,17.5,58.0,1
24364,2022,RNTR,24.7,105.1,1
24364,2023,RNTR,20.0,88.4,1
24364,2024,RNTR,20.2,89.6,1
24364,2025,RNTR,20.0,83.3,1
24364,2026,RNTR,20.1,87.3,1
24702,2021,BNTR,22.0,117.0,1
24702,2021,RNTR,19.5,82.1,1
24702,2021,RNTR,24.2,156.3,1
24702,2021,RNTR,38.5,632.0,1
24702,2021,TGTR,16.7,51.3,1
24702,2022,BNTR,23.2,137.8,1
24702,2022,RNTR,22.8,131.7,1
24702,2022,RNTR,26.2,198.9,1
24702,2022,TGTR,16.7,51.8,1
24702,2023,BNTR,19.5,80.7,1
24702,2023,RNTR,20.3,90.0,1
24702,2023,RNTR,21.1,94.5,1
24702,2023,TGTR,18.9,73.0,1
24702,2024,BNTR,19.5,80.3,1
24702,2024,RNTR,19.5,80.0,1
24702,2024,RNTR,20.3,88.9,1
24702,2024,RNTR,22.5,125.0,1
24702,2024,RNTR,22.6,128.0,1
24702,2024,TGTR,20.1,87.3,1
24702,2025,BNTR,19.8,83.3,1
24702,2025,RNTR,22.7,129.8,1
24702,2025,RNTR,24.8,145.1,1
24702,2025,TGTR,22.9,132.5,1
24702,2025,TGTR,28.1,310.1,1
24702,2026,RNTR,21.4,107.9,1
24702,2026,RNTR,22.9,132.3,1
24702,2026,TGTR,22.8,131.6,1
24702,2026,TGTR,23.1,136.2,1
26033,2021,RNTR,18.0,64.2,1
26033,2022,RNTR,20.7,98.6,1
26033,2023,RNTR,20.3,92.0,1
26033,2024,RNTR,20.7,95.2,1
26033,2025,RNTR,20.2,91.3,1
26033,2026,RNTR,22.0,117.2,1
26047,2021,RNTR,20.8,98.9,1
26047,2022,RNTR,20.1,89.6,1
26047,2023,RNTR,19.9,87.9,1
26047,2024,RNTR,20.0,85.8,1
26047,2025,RNTR,23.6,144.6,1
26047,2026,RNTR,23.5,144.4,1
26322,2021,RNTR,20.4,93.3,1
26322,2021,RNTR,21.5,102.4,1
26322,2021,TGTR,16.3,47.8,1
26322,2021,TGTR,21.0,102.8,1
26322,2022,RNTR,21.3,106.4,1
26322,2022,RNTR,23.5,142.8,1
26322,2022,RNTR,30.0,225.1,1
26322,2022,TGTR,9.1,8.3,1
26322,2022,TGTR,17.1,55.2,1
26322,2023,RNTR,20.5,89.9,1
26322,2023,RNTR,20.6,93.8,1
26322,2023,RNTR,25.3,174.1,1
26322,2023,RNTR,32.1,312.1,1
26322,2023,TGTR,20.6,93.8,1
26322,2024,RNTR,20.3,90.0,2
26322,2024,RNTR,30.0,331.0,1
26322,2024,TGTR,19.7,82.2,1
26322,2025,BNTR,33.0,531.0,1
26322,2025,RNTR,20.2,89.5,1
26322,2025,RNTR,20.3,91.7,1
26322,2025,TGTR,20.3,90.0,2
26322,2026,BNTR,64.0,3200.0,1
26322,2026,RNTR,21.1,99.9,1
26322,2026,RNTR,22.2,118.3,1
26322,2026,TGTR,17.3,55.6,1
26431,2021,RNTR,19.9,86.6,1
26431,2025,RNTR,23.6,144.6,1
26431,2026,RNTR,23.7,147.2,1
26447,2021,RNTR,21.2,105.3,1
26447,2021,RNTR,25.1,175.0,1
26447,2021,RNTR,27.3,225.0,1
26447,2021,RNTR,50.0,2660.0,1
26447,2022,RNTR,22.4,121.8,1
26447,2022,RNTR,23.6,143.8,1
26447,2022,RNTR,30.1,6600.1,1
26447,2022,RNTR,50.1,12600.1,1
26447,2024,RNTR,24.9,166.1,1
26447,2024,RNTR,27.5,224.5,1
26447,2024,RNTR,35.0,1850.0,1
26447,2024,RNTR,55.0,3500.0,1
26447,2025,RNTR,24.6,160.0,1
26447,2025,RNTR,26.9,210.8,1
26447,2026,RNTR,23.7,143.9,2
26447,2026,RNTR,25.7,183.4,1
26447,2026,RNTR,26.6,204.0,1
26729,2021,RNTR,19.5,81.5,1
26729,2022,RNTR,20.4,93.4,1
26729,2023,RNTR,19.9,87.4,1
26729,2024,RNTR,20.1,87.5,1
26729,2025,RNTR,20.6,96.6,1
26854,2021,BNTR,17.0,54.0,1
26854,2021,RNTR,20.3,90.3,1
26854,2021,RNTR,20.6,97.3,1
26854,2021,TGTR,17.7,60.9,1
26854,2022,BNTR,18.1,65.2,1
26854,2022,RNTR,20.4,93.9,1
26854,2022,RNTR,20.5,97.3,1
26854,2022,RNTR,30.1,150.2,1
26854,2022,TGTR,16.7,51.8,1
26854,2022,TGTR,24.5,163.6,1
26854,2023,BNTR,18.0,63.2,1
26854,2023,RNTR,21.6,108.7,1
26854,2023,RNTR,21.7,93.2,1
26854,2023,RNTR,30.0,239.0,1
26854,2023,TGTR,19.5,80.4,2
26854,2024,BNTR,20.4,91.2,1
26854,2024,RNTR,20.7,95.3,2
26854,2024,RNTR,30.0,325.0,1
26854,2024,TGTR,19.4,78.4,1
26854,2025,BNTR,19.1,75.2,1
26854,2025,RNTR,20.1,87.5,1
26854,2025,RNTR,20.6,89.1,1
26854,2025,RNTR,32.0,350.0,1
26854,2025,TGTR,20.4,92.0,2
26854,2026,BNTR,17.7,60.0,1
26854,2026,RNTR,20.4,93.4,1
26854,2026,RNTR,22.7,126.5,1
26854,2026,TGTR,17.3,56.0,2
317177,2023,RNTR,21.0,102.2,1
317177,2024,RNTR,21.5,108.0,1
317719,2021,RNTR,21.4,97.3,1
317719,2022,RNTR,21.1,95.6,1
317719,2023,RNTR,21.7,96.3,1
317719,2023,RNTR,30.0,239.0,1
317719,2024,RNTR,21.6,88.5,1
317719,2024,RNTR,30.0,335.0,1
317719,2025,RNTR,20.3,93.0,2
317719,2025,RNTR,30.0,365.0,1
317719,2026,RNTR,20.7,97.9,1
318138,2021,RNTR,20.3,88.6,1
318138,2021,RNTR,20.9,92.0,1
318138,2021,RNTR,21.1,81.8,1
318138,2023,RNTR,20.2,90.9,1
318138,2023,RNTR,21.7,93.2,1
318138,2024,RNTR,20.1,90.9,1
318138,2024,RNTR,21.6,88.5,1
318138,2024,RNTR,30.1,268.0,1
318138,2025,RNTR,20.6,89.1,1
318138,2025,RNTR,21.0,89.0,1
318138,2025,RNTR,30.0,400.0,1
318138,2026,RNTR,20.7,97.9,1
328085,2021,BKTR,20.0,89.1,1
328085,2021,TGTR,15.9,44.8,1
328085,2022,BKTR,19.9,87.7,1
328085,2022,TGTR,17.7,61.6,1
328085,2023,BKTR,19.3,79.7,1
328085,2023,TGTR,21.4,108.0,1
328085,2024,BKTR,19.8,83.6,1
328085,2024,TGTR,19.2,76.0,1
328085,2025,BKTR,19.4,78.3,1
328085,2025,TGTR,23.9,151.4,1
328085,2026,BKTR,20.5,96.1,1
328085,2026,TGTR,23.1,136.2,1
395186,2021,RNTR,22.9,133.3,1
395186,2022,RNTR,23.0,103.2,1
395186,2023,RNTR,20.0,85.8,1
395186,2024,RNTR,20.1,88.0,1
395186,2025,RNTR,20.0,87.0,1
395186,2026,RNTR,20.3,90.7,1
395196,2021,BNTR,16.8,52.3,1
395196,2021,RNTR,20.1,87.6,1
395196,2021,RNTR,20.3,89.7,1
395196,2021,RNTR,20.4,94.3,1
395196,2022,BNTR,18.2,66.5,1
395196,2022,RNTR,20.1,90.6,1
395196,2022,RNTR,21.3,106.4,1
395196,2022,RNTR,30.1,175.1,1
395196,2023,BNTR,19.1,75.4,1
395196,2023,RNTR,20.3,90.9,1
395196,2023,RNTR,20.5,93.1,1
395196,2024,BNTR,19.4,78.7,1
395196,2024,RNTR,20.4,87.0,1
395196,2024,RNTR,20.9,98.9,1
395196,2024,RNTR,30.0,335.0,1
395196,2025,BNTR,19.1,75.2,1
395196,2025,RNTR,20.1,87.6,1
395196,2026,BNTR,18.2,65.5,1
395196,2026,RNTR,21.1,91.6,1
395196,2026,RNTR,23.0,131.4,1
417476,2021,BKTR,45.0,670.0,1
417476,2021,RNTR,20.4,94.3,1
417477,2021,RNTR,21.4,108.9,1
417477,2021,TGTR,20.3,92.1,1
417477,2022,RNTR,20.7,97.4,1
417477,2023,RNTR,20.7,98.7,1
417477,2024,RNTR,20.1,87.5,1
417477,2024,TGTR,19.2,76.0,1
417477,2025,RNTR,23.8,149.0,1
417477,2026,RNTR,23.5,144.4,1
417505,2021,RNTR,17.6,59.9,1
417505,2022,BKTR,19.9,87.7,1
417505,2022,RNTR,23.4,141.7,1
417505,2022,TGTR,17.7,61.6,1
417505,2023,BKTR,20.4,92.1,1
417505,2023,RNTR,20.1,88.1,1
417505,2023,TGTR,19.9,85.7,1
417505,2024,BKTR,19.5,80.0,1
417505,2024,RNTR,19.5,80.0,1
417505,2024,TGTR,20.1,87.3,1
417505,2025,BKTR,20.2,89.2,1
417505,2025,RNTR,22.8,131.3,1
417505,2025,TGTR,22.2,121.7,1
417505,2026,BKTR,20.0,88.3,1
417505,2026,RNTR,23.1,135.7,1
417505,2026,TGTR,23.1,136.2,1
417506,2021,RNTR,21.1,97.5,1
417506,2021,RNTR,21.8,101.1,1
417506,2021,TGTR,16.3,47.8,1
417506,2022,RNTR,20.6,91.5,1
417506,2022,RNTR,20.7,97.3,1
417506,2022,RNTR,22.2,106.7,1
417506,2022,RNTR,30.0,225.1,1
417506,2022,TGTR,11.8,18.1,1
417506,2022,TGTR,17.7,61.0,1
417506,2023,RNTR,20.1,90.5,1
417506,2023,RNTR,20.5,89.9,1
417506,2023,RNTR,21.3,101.2,1
417506,2023,RNTR,30.0,239.0,1
417506,2023,TGTR,19.9,85.0,1
417506,2024,RNTR,20.5,92.4,1
417506,2024,RNTR,21.1,93.4,1
417506,2024,RNTR,21.6,96.0,1
417506,2024,TGTR,20.2,88.6,1
417506,2025,RNTR,20.3,94.3,1
417506,2025,RNTR,23.1,125.9,1
417506,2025,TGTR,20.3,90.0,1
417506,2026,RNTR,21.1,82.2,1
417506,2026,RNTR,22.3,92.6,1
417506,2026,TGTR,17.2,55.0,1
