waterbody_id,lake_id,name,description
2129,wb2129,Medley River,"Medley River Beach is a fantastic day use beach on the west shores of Cold Lake Like most Cold Lake beaches, the sand is plentiful and this beach is on a spit of land. This is a popular beach in July and August for those seeking a day trip and enjoy some stocked trout fishing. | Amenities notes: waste receptacles"
3476,wb3476,Grotto Mountain Pond,Pond is usually stocked at least three-four times a year due to its popularity.
3479,wb3479,Lambert Pond,"This lake is south of highway 16, and has an elevation of 912m."
3482,wb3482,Mount Lorette Ponds,There is a paved trail around the pond for easy wheelchair accessibility. Day use areas are well treed. The ponds are stocked 3-4 times in spring and early summer with trout. | Amenities notes: park benches
3485,wb3485,Rocky Children's Pond,Fish Game Pond is a little fishing hole for children located in the community of Rocky Mountain House. | Amenities notes: benches; group
3486,wb3486,Sibbald Meadows Pond,"This small pond surrounded by aspen groves is named after Frank Sibbald, a long time rancher who settled in the area in 1875. It is a perfect place to stop, relax and enjoy the foothills environment. You can walk the easy trail along the shore to cast a line and try a little fishing, or simply sit and enjoy a snack at the picnic area."
3494,wb3494,Blood Indian Creek Reservoir,"Blood Indian Park Campground operates on a first-come, first-served basis and is open seasonally from April 1 to November 1, with winter camping available outside of these dates. The campground features 300 campsites, including 29 serviced sites, making it suitable for a wide range of camping preferences. During the summer months, guests have access to coin-operated showers and a laundromat. Wi-Fi is available in the main camping area for added convenience. Families can also enjoy the Splash Park, which is open daily from 12:00 PM to 5:00 PM throughout the summer season. | Amenities notes: rave sewer drainage"
3499,wb3499,Chain Lakes Reservoir,"Chain Lakes Reservoir Campground offers more than 90 serviced and unserviced campsites, providing a comfortable and scenic setting for outdoor enthusiasts. Visitors can enjoy a variety of recreational activities, including swimming, beach relaxation, canoeing, fishing, windsurfing, and sailing, making this lakeside destination ideal for both adventure and leisure."
3515,,Little Bow Lake Reservoir,"This waterfront campground is in Little Bow Reservoir Provincial Recreation Area. This prairie campground is all about the water. Many of the sites back on to the reservoir, and trees provide some shade to fish , canoe, water ski, or swim."
3522,wb3522,McLean Pond,"Day use area with fishing, hiking and picnic area."
3523,wb3523,Michel Creek Reservoir,Ice fishing access can be difficult at times due to snow accumulation and drifting.
3524,wb3524,Michichi Reservoir,"Michichi Dam Recreation Area has 18 formal power campsites complete with fire pits and picnic tables. There are also 20 overflow campsites, group camping areas, and camp kitchen facilities. There are coin-operated shower facilities with handicap access. There is an RV water and sewer station available for your convenience. Ice fishing is accessible in the winter, but beware of drifting snow when traveling down to the boat launch."
3526,,Milk River Ridge Reservoir,"It's a great spot to enjoy boating, paddling, windsurfing, fishing, birdwatching, or camping."
3534,wb3534,Spruce Coulee Reservoir,"Foot access only all year around (weather permitting). After the September long weekend, the services offered at the campsite are reduced."
3536,,Stafford Lake,"Stafford Reservoir is a reservoir located just 45 miles from Chin; whether you’re spinning, fly fishing or bait casting your chances of getting a bite here. | Amenities notes: walk paths"
3537,,Travers Reservoir,Travers Dam campground is in Travers Reservoir Provincial Recreation Area.
3899,wb3899,Alford Lake,"Alford Lake borders the Conservation Education Centre for Excellence, established in 1974 to provide youth-focused wildlife conservation education. The centre offers hands-on programs that immerse students in outdoor experiences, helping them develop essential survival skills and environmental awareness. On the opposite side of the lake, a designated public fishing area is available, complete with a small picnic site—ideal for enjoying a relaxing day by the water."
3909,wb3909,Allstones Lake,"Allstones Lake Trail is a moderately trafficked 62-mile backcountry route located near Nordegg. The trail is best accessed between April and October, offering scenic views and a rewarding hike to the lake. Dogs are permitted on the trail but must be kept on a leash at all times to ensure safety and environmental protection."
3948,wb3948,Aster Lake,This trail is considered challenging and is recommended for experienced hikers only due to its steep and rugged terrain. Those making the climb to the campground are encouraged to bring a fishing rod and take advantage of the opportunity to fish in the nearby waterbody. | Amenities notes: bear boxes for security.
3959,,Badger Lake Reservoir,No description available.
4005,wb4005,Bear Pond,"Bear Pond Trail is an 18-kilometre out-and-back route accessible via the Iron Creek Mountain Trail, located near Longview. Suitable for hikers of all skill levels, the trail is best used from May through November. Dogs are permitted but must be kept on a leash at all times to ensure safety and environmental protection."
4011,wb4011,Beauvais Lake,"Beauvais Lake borders the Beauvais Main Campground, offering convenient access to the water for campers. Powered sites 1 through 15 are open year-round, from October 1 to April 30. These quiet, well-treed sites provide a peaceful setting and are located close to the lake, making them ideal for both relaxation and recreation."
4014,wb4014,Beaver Lake,"The lake is stocked annually with trout by the Alberta Environment and Protected Areas (EPA) and is aerated from October through April as part of the Alberta Conservation Association’s (ACA) Lake Aeration Program. Access to the lake is available by foot, and only electric-powered motors are permitted to help maintain the tranquility and ecological integrity of the area."
4018,wb4018,Beaver Mines Lake,"Located within Castle Provincial Park, Beaver Mines Campground offers a scenic and well-equipped setting for both RV and tent camping. Most campsites are nestled among mature trees, providing privacy and shade, while select sites offer picturesque views of the nearby lake. This peaceful location is ideal for nature enthusiasts seeking a relaxing outdoor experience."
4027,,Lac Bellevue,Use the day use area or beach to swim or fish for stocked trout.
4061,wb4061,Birch Lake,"Birch lake lacks a formal boat launch. Recreational users must carry their watercraft to the shoreline and hand-launch directly from the shore. To preserve the natural environment and ensure a quiet experience for all visitors, gas-powered motors are prohibited. Additionally, overnight camping is not permitted at this location."
4159,wb4159,Burns Lake,Access to this lake is either via a very long trail via the Sheep River Trail.
4161,,Burnstick Lake,"The lake is about 3 km long and has an abundance of pike, perch and walleye Burnstick Lake offers something for everyone, including boating, fishing, water skiing, camping and a picnic area. A small store is available for your convenience."
4167,wb4167,Upper Burstall Lake,"The hike to Burstall Lakes is an all-season adventure, with winter being a favorite time for many visitors. The trail is relatively flat and easy, making it ideal for snowshoeing or cross-country skiing. Most of the route winds through forested terrain, but expect stronger winds as you approach the lake where tree cover thins. At the trailhead, you’ll find a large parking lot and an outhouse for convenience. | Amenities notes: The upper and lower lakes helicopter stocked. These lakes have recently been stocked in the fall of 2025."
4171,wb4171,Butcher's Lake,"Butcher’s Lake is nestled in the Castle Region, approximately 21 kilometers south of Pincher Creek. Known for its crystal-clear waters and stunning natural backdrop, this lake is a popular fishing destination throughout the year. Butcher’s Lake is particularly renowned for its excellent brook trout fishing, with regular stocking programs ensuring healthy fish populations and consistent angling opportunities for visitors. | Amenities notes: The lake features a designated day-use area with basic amenities"
4208,wb4208,Capt Ayre,"Visitors to the park can enjoy a variety of activities, including swimming, canoeing, and trout fishing. The park offers full-service campsites along with convenient amenities such as a laundromat, concession, showers, and washrooms. For recreation, guests can take advantage of ball diamonds, a sand volleyball court, a rugged nine-hole golf course, and multiple playgrounds, making it an ideal destination for families and outdoor enthusiasts. | Amenities notes: golf course nearby"
4221,wb4221,Carnarvon Lake,No description available.
4231,wb4231,Cavan Lake,"Cavan Lake Recreational Campground offers 78 campsites, including 60 sites equipped with 30-amp power. Each site features a fire pit, and complimentary firewood is provided for campers. The campground includes amenities such as a playground and horseshoe pits, making it suitable for family recreation. Both campers and anglers can take advantage of the day-use area or reserve group campsites for larger gatherings."
4252,wb4252,Chatwin Lake,"Chatwin Lake was stocked with trout in the spring of 2020 after many years without fish. The lake boarders the Bonnyville golf course and private residences. The staging area is gravel, with a crude boat launch and smaller boats are recommended."
4261,wb4261,Chickako Lake,"Chickakoo Lake Recreation Area is a scenic mix of woods and lakes that attracts a diversity of birds and other wildlife such as moose, dear, beavers and more. The 480 acres of woodland and over 14 km of trails are a popular destination for hikers, cyclists and horseback riders in summer and are groomed for cross country skiers in winter."
4265,,Chin Reservoir,"Chin Reservoir is a large, long reservoir where boating, water skiing and fishing are popular. There are only amenities at the camping area which include a boat launch, swimming area and outhouses."
4318,wb4318,Birdwood Lake,"Formerly called Jeanette, then Lost and now, officially, Commonwealth. Trail Start: Hwy 742 (Smith-Dorrien/Spray Trail) Turn west onto Mt Shark Road In 1 km turn left onto a side road and park a little way in."
4340,wb4340,Cow Lake,"This a popular winter fishing destination. There is a public boat launch available, with a day use area. | Amenities notes: Serviced and un-serviced sites"
4351,,Moore Lake,"This a popular winter fishing destination. There is a public boat launch available, with a day use area. This waterbody has been recently stocked with walleye fry."
4374,wb4374,Crowsnest Lake,"This large, deep, natural lake lies just east of the Continental Divide along Alberta Highway 3 There is a vast parking area at the west end of the lake, a necessary amenity when winter blizzards close the mountain pass. The parking area includes a boat launch where ice fishermen skid their huts onto the ice"
4426,wb4426,George's Lake,Boat access to the lake is challenging and use the trail at your own risk. | Amenities notes: no open fires; foot access only.
4446,wb4446,Dillberry Lake,"Sites in this prairie campground are suitable for RVs and tents and most have power. There are many amenities here including a playground, small campground store, toilets, and showers. This park is a great getaway for families who want to devote time to spending time together and fishing for trout. | Amenities notes: life jacket loaner station"
4458,wb4458,Dolberg Lake,Doleberg Lake campground borders the lake. This campground is a self-registration campground with twelve sites with lots of natural trees. This is a great place to relax a fish for stocked trout.
4460,wb4460,East Dollar Lake,This waterbody is stocked by EPA with trout and is aerated during the winter months.
4488,wb4488,Dunn Lake,"Dunn Lake is situated east of Petite Lake, and northeast of Jarvis Creek."
4495,wb4495,Eagle Lake,"Access found on the Ya Ha Tinda Road or the forestry trunk road through James Pass. Both routes provide direct access to the lake and accommodate horseback and foot travel, with limited ATV/UTV access permitted. Seasonal timing restrictions apply to ATV and UTV use on certain trail segments."
4505,wb4505,Edith Lake,"Electric motors only. There are rocks around the shore making it easy to access the reservoir, fly fishing is preferable."
4532,wb4532,Emerald Lake,A great brook trout destination located 32km north of McLeod Lake.
4535,wb4535,Emerson Lakes,"The park is off the beaten path, but once you find it, you'll be rewarded with a chain of 5 small lakes and about 7 km of trails to explore. You can fish for stocked trout, canoe, or take an electric powered boat on the lakes and view the hoodoos on the Wild Sculpture Trail."
4539,wb4539,Engstrom Lake,A boat launch and day use area are available for day users. Overnight camping and campfires are prohibited.
4562,wb4562,Fairfax Lake,"Fairfax Lake Provincial Recreation Area has 27 spacious and private sites near the shores of Fairfax Lake. It is ideal for fishing, canoeing , and hiking trails are available in the surrounding area."
4564,wb4564,Lake Of Falls,No description available.
4571,,Fickle Lake,"Fickle Lake Campground has 36 sites for both RVs and tents, including lovely campsites with lakeside views. The lots are surrounded by natural spruce forest and allow easy access to the lake, boat launch, dock and shoreline. Although the campground is closed during the winter, the road to the lake and parking lot is still maintained allowing easy access for ice fishing."
4614,wb4614,Fortress Lake,"It is encourage to hike or bike up to Fortress Lake up the road access to the trail head. Moterized vehicles access is restricted at this time. Ths is a low intensity hike. The estimated time is 3.4 to 4 hours with a total length of 8.9km with an elevation gain of 559m. To access the hiking trails, you can start from the trailhead located at the Sunwapta Falls parking lot. This is situated along the Icefields Parkway (Highway 93) in Jasper National Park. From there, follow the signs and directions to reach the trail leading to your destination."
4635,,Frog Lake,No description available.
4642,wb4642,Lower Galatea Lake,Galatea Lakes Hike is a 169 kilometer back trail located near Kananaskis Improvement. The trail offers a number of activity options and is best used from May until October. Dogs are also able to use this trail but must be kept on leash.
4647,wb4647,Gap Lake,Open all year round.
4697,wb4697,Goldeye Lake,"Goldeye Lake Campground is located in Goldeye Lake Provincial Recreation Area. There are over 40 un-serviced sites, most surrounded by aspen and spruce trees. Canoe, swim or fish in the stocked lake, or walk the loop trail around it."
4708,,Goose Lake,Goose Lake offers camping and fishing. This waterbody has been recently stocked with walleye fry.
4725,wb4725,Grande Cache Lake,"Grande Cache Lake has 8 day use sites that include picnic tables and fire pits. Fire wood is available and has one handicap accessible outhouse facility. Grande Cache Lake has a developed beach area with a playground. For the fishing enthusiasts, there is a boat dock, boat launch, and a fish cleaning station."
4794,wb4794,Hasse Lake,"Hasse Lake Recreation area provides a day-use area with walking trails, beach, playground and a picnic shelter. There is a primitive boat launch area with a floating dock east of the main parking area. The shoreline is soft and weedy, but a fishing pier has been installed to increase angling opportunities."
4806,wb4806,Upper Headwall Lake,No description available.
4837,wb4837,Upper Hogarth Lake,"This lake is one of our helicopter stocked lakes. The lower lake was stocked in the fall of 2025 with 1,200 cutthroat trout. Hogarth Lakes Trail is a scenic 4.2-kilometer loop near Kananaskis Improvement District that features beautiful lakes and is suitable for all skill levels. The trail is best enjoyed from March through October and is dog-friendly, provided pets are kept on a leash."
4854,wb4854,Lake of the Horns,Absolutely stunning and well worth the days effort. You will have to cross the Highwood River so expect to get your feet wet. The Alberta - British Columbia boundary runs along the mountains ridge.
4888,wb4888,Ice Lake,"The route to Ice Lake includes numerous river crossings and significant elevation gain. The trail is well-marked along the Panther River Trail, with clear signage at intersections. The round trip from the staging area typically requires 10–12 hours, with the final two hours involving steep elevation gain."
4897,wb4897,Invincible Lake,No description available.
4909,wb4909,Island Lake,"This campground is in Island Lake Provincial Recreation Area. It has 40 sites which are suited to RVs. This campground offers close access to lakes for canoeing, sailing, boating, fishing for stocked trout or windsurfing."
4920,wb4920,Jackfish Lake,The road leading to the campground is paved except for 2km of gravel road at the entrance. Two of the five of the campsites are located on the lake.
4935,wb4935,Jane Lake,"Jane lake is one of our helicopter stocked lakes, which is stocked every three years. The lake was stocked with 1,800 rainbow trout in 2025. The next stocking will happen in 2028.Jane Lake and its surrounding wilderness offer a truly remote and breathtaking escape. A network of scenic trails encircles the lake, providing opportunities for hiking, biking, and camping. These trails have been upgraded and expanded for a safer and more enjoyable experience. The former 4x4 access road has been transformed into a dedicated hiking and biking route, making it easier than ever to reach the lake and explore its natural beauty."
4944,wb4944,Jessie Lake,"Jessie is one of our helicopter stocked lakes. It was stocked in the fall of 2025 with 3,500 rainbow trout.Jesse Lake is located approximately 45 km from Swan Hills via off-road trails. Alternatively, you can travel 26 km from Swan Hills to the staging area (4-wheel drive recommended), then continue another 16 km on off-road trails to reach the lake. A 4-wheel drive vehicle is strongly recommended for lake access."
4977,,Kehewin Lake,"Kehiwin Cree Nation is operating the Kehiwin Provincial Recreation Area, 28 km east of St. Paul on Hwy. 29, and 7 km north on Hwy. 41. Cozy little campground that offers basic facilities and access with canoe or boat on Kehiwin Lake. | Amenities notes: firepits"
4978,,Keho Lake,This waterbody has been recently stocked with walleye fry.
5002,wb5002,Kinky Lake,"Kinky Lake Campground is found in Wildhorse Lake Provincial Recreation Area, with close lake access. Enjoy the scenic mountain views while fishing for trout. Non-motorized or electric-powered boats only."
5029,wb5029,Landslide Lake,"Landslide Lake is a 290km lightly trafficked out and back trail located near Improvement District No 9, Alberta, Canada that offers the chance to see wildlife and is only recommended for very experienced adventurers The trail offers a number of activity options and is best used from July until October."
5050,wb5050,Lees Lake,ACA maintains a fishing access and boat launch is off highway 507. | Amenities notes: no open fires; garbage cans; sanitary receptacles.
5074,wb5074,Lillian Lake,"Lillian Lake Backcountry Campground is in Spray Valley Provincial Park. The closest access is at Galatea Day Use Area, 42 km south of Hwy 1 on Hwy 40. It is 63 km from the trailhead via Galatea Creek Trail Camp. There are group fire pits, pit/vault toilets, secure food storage lockers, and raised tent platforms. Note: While there are group fire pits available, firewood is not provided at this site. Please note that it is illegal to remove, deface, injure or destroy trees and using dead wood lying on the ground for firewood is also prohibited. | Amenities notes: bear proof storage containers"
5078,wb5078,Lily Lake,"The Lily Lake Trail, located only 25 minutes out of Slave Lake. Beginning at Marten Mountain Viewpoint, this trail descends 28 km to the beautiful Lily Lake."
5093,wb5093,Little Bear Lake,Access is very poor for launching larger watercrafts. Parking is close to lake so you may carry your hand launch type watercraft to the waters edge.
5099,,Little Fish Lake,No description available.
5149,wb5149,Loomis Lake,Park in the Lineham Creek recreation area parking lot 134kms west of Calgary located on Highwood Trail #40 highway. Note: Highway #40 is closed at the Upper Lakes and Highwood House Junction from Dec 1st to June 14th for wildlife preservation.
5158,wb5158,Lost Guide Lake,Lost Guide Lake has an elevation of 2172 metres.
5179,wb5179,Lower Kananaskis Lake,No description available.
5223,wb5223,Margaret Lake,"Access to Margaret Lake is via the Forestry Trunk Road, continuing onto Waiparous Valley Road, which is very rough. The road terminates at a cutline, and the lake is accessible by ATV or UTV. The route leads directly to the lake, with an easy walk from the parking area to the waterbody. Travel time varies depending on road and trail conditions."
5232,wb5232,Marigold Lake,This lake is helicopter stocked and is more accessible with ATV's.
5245,wb5245,Mary Gregg Lake,Mary Gregg Lake is a popular fishing lake for local fishermen.
5253,wb5253,Maude Lake,Maude Lake is located almost on top North Kananaskis Pass. It's accessed via the Turbine Canyon trail. The Turbine backcountry campground which is only about 2kms away.
5275,,Mcgregor Reservoir,"There are about 100 sites suitable for RVs and tents. Camp on the prairies near the lakeside where you can escape the summer heat. Sailing, wind surfing, water skiing, canoeing and fishing are popular activities in and around the waterbody. | Amenities notes: wind surfing"
5286,wb5286,Carson Lake,"Carson-Pegasus Provincial Park at McLeod Lake includes a campground featuring 182 campsites, day use sites, and a group use site, and offers winter camping. Other recreational activities at the provincial park and lake include bird-watching, canoeing/kayaking, cross-country skiing, fishing, hiking, horseshoes, ice fishing, power boating, swimming. | Amenities notes: life jacket loaner station; horse shoe pits"
5324,wb5324,Millers Lake,"There is a boat launch, and the lake is stocked annually by AEP with trout and is aerated in winter through ACA’s Lake Aeration Program."
5336,,Minnow Lake,This waterbody has been recently stocked with walleye fry. | Amenities notes: group use
5348,wb5348,Mitchell Lake,There is a small campground at the waterbody with walk-in tent sites. There is a pier where you can hand launch a canoe or electric powered boat.
5360,wb5360,Mirage Lake,"The campground is located on the north and northeast side of the lake, while the day-use area and group camping is located on the south side of the lake. | Amenities notes: change house"
5387,wb5387,Muir Lake,"Muir Lake is an easily accessible quality stocked fishery. Muir Lake features seasonal closures, bait ban and reduced harvest regulations. Seasonal restrictions apply. Check the local regulations before heading out to the lake. | Amenities notes: Basic amenities."
5407,wb5407,Muskiki Lake,"Enjoy the day fishing the lake, fish from shore or from a boat. The Max boat speed on the lake is 12km/hr."
5434,,Lake Newell,This waterbody has been recently stocked with walleye fry.
5466,wb5466,Obed Lake,A small campground found in Obed Lake Provincial Park. A great spot to launch a boat and fish for trout.
5467,wb5467,Obstruction Lakes,No description available.
5476,wb5476,Ole Lake,Wildlife viewing and canoeing are popular activities at this provincial recreation area.
5504,wb5504,Police Lake,"The well-spaced sites are suitable for tents and RVs and natural poplar forest provides privacy. Relax and spend lazy days fishing from your boat, canoe or shore. | Amenities notes: viewpoints"
5513,wb5513,Mami Lake,The mountains of Waterton National Park that lie 4 km to the southwest provide a dramatic background for the lake.
5521,wb5521,Parker Lake,Foot or ATV access only.
5538,wb5538,Peanut Lake,This lake often winter kills. Maximum boat speed 12km/h.
5555,wb5555,Peppers Lake,Peppers Lake Campground is located in Peppers Lake Provincial Recreation Area. Go fishing or tour the shoreline by canoe or electric powered boat.
5565,wb5565,Petite Lake,"The Petite Lake Campground is a small campground located adjacent to Petite Lake There are ATV trails in the area, and it is popular for base camping during the hunting season. Electric motors only. | Amenities notes: Located in the glacial cascades natural area - camping adjacent to waterbody."
5568,wb5568,Phillips Lake,This lake is located just west of Coleman near the BC border.
5569,wb5569,Phyllis Lake,"This scenic little foothills lake is suited to canoeing, fishing and boating with electric powered motors. There are about 20 sites, most of which are open to each other and face the lake. They are suited for both RVs and tents. | Amenities notes: refuse containers"
5572,wb5572,Upper Pierre Greys Lake,Electric motor or hand launch boats allowed on the lake.
5581,,Pinehurst Lake,"Pinehurst Lake and campground is located in Lakeland Provincial Recreation Area, 17 km south of Lac La Biche on Hwy. 36, 5km east on Hwy. 55, 3km north on Range Rd. 132, 19 km east on Township Rd. 652, and 7km north on access road. Pinehurst is a favourite destination for local anglers, and has a staging area outside of the campsite for OHV use for the trail network throughout Lakeland PRA. | Amenities notes: firepits; lifejacket loaner station"
5646,,Sauder (Rattlesnake) Reservoir,Camping area with serviced sites and a newly build boat launch.
5649,,Rawson Lake,"This is a monderate trail difficulty, with a distance of 7.8km round trip, with an elevation gain of 300m. The trailhead is conveniently located adjacent to the Upper Kananaskis Lake parking lot. The route offers scenic views of Upper Kananaskis Lake, a picturesque waterfall, and sections of old-growth forest. Rawson Lake provides an excellent opportunity for hikers seeking a moderate challenge combined with stunning natural landscapes."
5661,wb5661,Reesor Lake,This is a large spring-fed lake in Cypress Hills Provincial Park.
5667,wb5667,Ribbon Lake,"There are several different ways to access the lake, including trail heads at Buller Mountain Day Use, Galatea Day Use, and Ribbon Creek Day Use. Note that there is a very steep section of trail with chains to aid climbing between Ribbon Falls and Ribbon Lake Ribbon Lake is a gem tucked away in the heart of Spray Valley. Enjoy the peace and tranquility at this site Here there are tent pads, group fire pits, pit/vault toilets, and secure food storage lockers . | Amenities notes: 10 storage lockers"
5714,wb5714,Running Lake,There is a quiet little campground near the lake with treed sites.
5729,wb5729,Salter's Lake,"Open to the public all year round, the lake is aerated in order to support the fish population. There is a boat launch and pier available for public use, electric motors only."
5743,,Sandy Lake,The lake is accessable by a pavement road. There is one public boat launch for larger sized watercraft.
5753,wb5753,Sauer Lake,"Sauer is a charming, tiny lake set among the rolling hills west of the city of Edmonton. It is a quiet spot for canoeing or fishing for rainbow trout."
5758,,Swan Lake,No description available.
5766,wb5766,Schuman Lake,Only electric or non-motorized water crafts are permitted on lake. | Amenities notes: barbeque sites
5788,wb5788,Shark Lake,"Shark Lake, also known as Marushka Lake, is a scenic hike suitable for both beginner and experienced hikers. The trail is well-compacted by frequent users, making it accessible year-round and an excellent option for snowshoeing during the winter months. The hike covers a 7.6-kilometer round trip with an elevation gain of approximately 170 meters and typically takes 2 to 2.5 hours one way. The trailhead is located at the end of Mount Shark Road in Spray Valley Provincial Park. Hikers should follow the white trail flags to reach the lake, where a faint path circles the shoreline, offering serene views and a peaceful natural setting."
5790,,Sherburne Reservoir,No description available.
5804,wb5804,Fish Lake,"Fish Lake is also referred to as Shunda Lake. There are over 100 sites, including power, un-serviced, waterfront and pull-through sites. Sites are spacious and most are surrounded by trees. You may canoe or boat using an electric motor on the beautiful foothill lake, which is stocked with rainbow trout. There is hiking, mountain biking, swimming, and access to OHV trails in the area."
5805,wb5805,Sibbald Lake,The lake is a day use area.
5820,,Skeleton Lake,"There are public boat launches, and a private camping area."
5858,wb5858,Sparrow's Egg Lake,"Sparrows Egg Lake was stocked in fall 2025 with 900 cutthroat trout. This remote lake, located west of Calgary in Kananaskis Country, is stocked by helicopter every two years. It’s a hike-in destination, offering anglers a pristine backcountry experience."
5874,wb5874,Cottage,Public access is available for fishing. | Amenities notes: cottages for rent
5895,wb5895,Star Lake,This lake has a few private cabins surrounding it. Yellow Perch are present in the lake.
5901,wb5901,Stenton Lake,"Stenton Lake is highly remote, requiring approximately 7 hours of horseback travel (21 km) along the South Ghost drainage, followed by a 5 km hike through alpine meadows and unmaintained trails with some route finding. The lake spans approximately 10 acres and is located at an elevation of 2,250 meters above sea level. From the Forestry Trunk Road via the TransAlta Road (unmarked trail; route finding required). Or from Canmore via Cougar Creek (approximately 24 km round trip).Travel methods include horseback, hiking, and limited ATV/UTV use; however, motorized vehicles are prohibited within Don Getty Provincial Park. The route involves significant elevation gain, river crossings, and challenging terrain. Total travel time typically requires an overnight stay, with a round-trip duration of 20–24 hours."
5919,wb5919,Strubel Lake,This is a great lake for families or for beginner ice fishing.
5929,wb5929,Sulphur Lake,"Sulphur Lake Provincial Recreation area is located about an hour drive north of Peace River. There's a hand launch and a boat launch, as well as a fishing pier and fish cleaning station."
5944,wb5944,Swan Lake,Most of the campsites are surrounded by pine and spruce trees that provide good privacy with a few choice sites located next to the lake for fishing.
5952,,Sylvan Lake,Sylvan Lake offers swimming motorized and non motorized water activities and recreational fishing.
5968,wb5968,Tay Lake,The lake can only be accessed by foot or off road vehicle.
5971,wb5971,Tea Lakes,"Tea Lakes can be accessed from the parking lot at the end of Highway 888 or via the trailhead near Lesser Slave Lake Provincial Park, located at Highway 2 and Range Road 125A. | Amenities notes: Tea Lakes is one of our helicopter-stocked lakes and was freshly stocked in 2025; ensuring excellent fishing opportunities for visitors."
5990,wb5990,Three Isle Lake,"Due to the 2013 flood, some trails and bridges remain washed out and select trails are closed. Significant work has already been done to re-open access to trails and areas. Check before heading into the area for updated conditions. | Amenities notes: bear proof containers"
6039,wb6039,Twin Lakes,"Twin Lakes Campground is a popular campground for fishing enthusiasts. The boat launch makes it easy to get into the lake for fishing trout and perch, and the wheelchair-accessible pier is great for those looking to cast from shore."
6044,wb6044,East Twin Lake,"The lake is excellent for canoeing and non-motorized boats with lots of wildlife viewing opportunities. Fish for trout, hike the loop trail to the second lake or take a dip in the cool deep waters."
6051,wb6051,South Two Lake,A self-guided trail leads through forests and meadows between the two lakes. Three other more challenging trails lead to scenic views. The lakes are stocked with trout and boat speed is limited to 12 km/h.
6061,wb6061,Upper Kananaskis Lake,"Upper Kananaskis Lake is located within Peter Lougheed Provincial Park and offers stunning mountain scenery and recreational opportunities. Visitors can access the lake by parking at the Upper Kananaskis Lake Day Use Area; please note that a Kananaskis Conservation Pass is required for parking. The main hiking loop around the lake is approximately 15.8 kilometers in length, with an elevation gain of 296 meters. This route typically takes 4 to 6 hours to complete and is considered an easy to moderate hike, providing panoramic views of the lake and surrounding peaks."
6082,wb6082,Vermilion Park Pond,This pond is in Vermilion Provincial Park. Users are subject to Vermilion Provincial Park restrictions.
6086,wb6086,Victor Lake,No motorized boats are permitted on this waterbody.
6097,,Wadlin Lake,"This is an ideal destination for tenting or in your RV. Open and wooded sites are available. There is a playground, groupcamping, swimming and a beach for lounging. There is limited reception at the camping area and no WiFi available."
6120,,Watridge Lake,No description available.
6160,wb6160,Upper Wildhorse Lake,"Hand launching is provided at the lake, larger vessels may be more challenging."
6169,,Winagami Lake,"The lake provides opportunities for fishing, ice fishing, boating, windsurfing, paddling, and birdwatching. A wading pool in the day use area allows your little ones to cool down on a hot summer day. Approximately 2km of trail provide opportunities for hiking and cycling in the warmer months, and skiing and snowshoeing in the winter. Just a 15-minute drive away, the O’Mahony Conservation Area adds over 8 additional kilometres of trail for you to explore."
6173,wb6173,Windsor Lake,"ACA stocks this pond annually with trout, typically before the May long weekend. A boat launch, dock, outhouse and garbage bins are available for public use. | Amenities notes: no open fires; foot access only."
6524,wb6524,West Dollar Lake,This 50-acre site is approximately 30 km N of Valleyview. These lakes are stocked annually by EPA with trout and aerated (October - April) through ACA’s Lake Aeration Program. The gravel boat launch is in fair condition and day-use facilities are available. | Amenities notes: no open fires; foot access only.
6525,wb6525,Lower Burstall Lake,"The hike to Burstall Lakes is an all-season adventure, with winter being a favorite time for many visitors. The trail is relatively flat and easy, making it ideal for snowshoeing or cross-country skiing. Most of the route winds through forested terrain, but expect stronger winds as you approach the lake where tree cover thins. At the trailhead, you’ll find a large parking lot and an outhouse for convenience. | Amenities notes: The upper and lower lakes helicopter stocked. These lakes have recently been stocked in the fall of 2025."
6528,wb6528,Lower Chain Lake,"Chain Lakes Campground is located in Chain Lakes Provincial Recreation Area. This small lake is stocked annually, providing a great opportunity to fish from shore, canoe, or electric powered boat. Check your local regulations before you go. | Amenities notes: firepits"
6530,wb6530,Lower Headwall Lake,No description available.
6533,wb6533,Middle Pierre Greys Lake,Electric motor or hand launch boats allowed on the lake.
6534,wb6534,Lower Pierre Greys Lake,Electric motor or hand launch boats allowed on the lake.
6535,wb6535,North Two Lake,"This remote park offers fishing, wildlife viewing, and hiking . A self-guided trail leads through forests and meadows between the two lakes. The lakes are stocked with trout and the boat speed is limited to 12 km/h."
6537,wb6537,Lower Wildhorse Lake,Wildhorse Lake provides a hand launch.
6541,wb6541,Lower Hogarth Lake,"This lake is one of our helicopter stocked lakes. The lower lake was stocked in the fall of 2025 with 1,200 cutthroat trout. Hogarth Lakes Trail is a scenic 4.2-kilometer loop near Kananaskis Improvement District that features beautiful lakes and is suitable for all skill levels. The trail is best enjoyed from March through October and is dog-friendly, provided pets are kept on a leash."
6598,wb6598,Zama Community Pond,"This pond is located in the town of Zama. There is a swimming pond, camping area and a day use area near the fishing pond."
6601,wb6601,Yellowhead Lake,There is a low risk of winter kill at this lake. Access roads are poor at all times of the year. An off-road vehicle is mandatory and you must walk the last 200m to the lake. Electric motors only. No overnight camping permitted.
6605,wb6605,Lower Smuts Lake,Smutts Lakes are located up a steep headwall trail and border Banff National Park.
6606,wb6606,Upper Smuts Lake,This waterbody is stocked by helicopter and is a hike in lake only.
6607,wb6607,Upper Champion Lake,"This site is stocked by helicopter. Foot or off-road vehicle access only. The hike in is very steep, and hiking may be difficult in muddy conditions. This lake has a high probability of winter kill."
6608,wb6608,Lower Champion Lake,Upper and Lower Champion Lake are Heli-stocked A short walk from McLean Creek Trail (range road 51A) will bring you to the lake The trail is closed from December to May.
6609,wb6609,Weberville Pond,This 150-acre site is approximately 21 km N of Peace River. The pond is stocked annually by EPA with trout. | Amenities notes: garbage receptacles
6610,wb6610,West Memorial Lake,No description available.
6613,wb6613,Westlock Recreation Pond,"ACA stocks this pond annually with trout, typically before the May long weekend. | Amenities notes: no open fires; foot access only."
6614,wb6614,By the Lake Park,"By-the-Lake Park is a 17-acre constructed lake surrounded by a 25 kilometre paved trail. A large picnic area, playground, and public washrooms make this an ideal spot to spend some time and fish."
6617,wb6617,Winchell Lake,This 12-acre lake is approximately 30 km north west of Cochrane. Consists of a small day-use area that provides access to good sport fishing opportunities. A boat launch is available for public use. The lake is stocked annually by EPA with trout and aerated in the winter through ACA’s Lake Aeration Program. | Amenities notes: no open fires; foot access only.
6618,wb6618,Valleyview Children's Pond,No description available.
6619,wb6619,Vegreville Children's Pond,"This pond is in Vegreville right beside the iconic ""World's Largest Easter Egg"". ACA stocks this pond annually with trout, typically before the May long weekend. | Amenities notes: no open fires; foot access only."
6620,wb6620,Vegreville Trout Pond,"This pond is located right outside of Vegreville. On the east side of the pond fishing is more accessible, due to a cleaner shoreline that is free from debris. | Amenities notes: no open fires; foot access only"
6622,wb6622,Wallace Park Pond,"ACA stocks this pond annually with trout, typically before the May long weekend. | Amenities notes: no open fires; foot access only."
6623,wb6623,Waskasoo Park Pond,This stocked trout pond has everything to make a family outing enjoyable. | Amenities notes: foot access only
6625,wb6625,Wildwood Pond,The pond is open to public fishing year round. A great place to bring the family. | Amenities notes: no open fires; foot access only.
6626,wb6626,Wolf Creek Pond,This pond is off nestled in the trees just of the highway. | Amenities notes: no open fires; foot access only.
6632,,Talus Lake,No description available.
6635,wb6635,Tamarack Lake,Approximately 26 km's from Swan Hills via off road trails. Approximately 20 km's from Swan Hills to the staging area.
6636,wb6636,Texaco East Pond,The pond is a short walk from the parking area. | Amenities notes: no open fires; foot access only.
6637,wb6637,Texaco Pond,The pond is a short walk from the parking area. | Amenities notes: no open fires; foot access only.
6638,wb6638,Trapper Lake,Trappers Lake is a lake located just 85 miles from Josephburg.
6642,wb6642,Mile 07 Lake,This lake is 44 minutes north of Lac La Biche.
6647,wb6647,Niton Lake,This pond is located off the Yellowhead highway.
6651,wb6651,Silkstone Lake,This lake is a reclaimed mine site.
6652,wb6652,South Sundance Lake,"The park is made up of two areas, the Sundance Valley along Sundance Creek and Emerson Lakes to the west."
6654,,Kinglet Lake,This lake is a hike in lake.
6655,wb6655,Lamont Pond,No description available.
6658,wb6658,Lovett Lake,Lake is only accessible by hiking or biking only.
6659,wb6659,Dandurand Lake,Dandurand Lake is located north of Hwy #16 and just southeast of the boundary of Sundance Provincial Park. It is stocked annually and is a popular fishing hole. | Amenities notes: no open fires; foot access only.
6662,wb6662,Entry Lake,Entry lake is one of the helicopter stocked lakes. It was recently stocked in the fall of 2025 with 668 cutthroat trout.
6668,wb6668,Highway 63 Pond,Perch may be present at this pond.
6669,wb6669,Horseshoe Lake,"Horseshoe Lake is a 16 kilometer near Jasper, that features beautiful wild flowers and is good for all skill levels. The trail is primarily used for hiking, walking, nature trips, and bird watching and is best used from May until October. Dogs are also able to use this trail but must be kept on leash."
6670,wb6670,Two Hills Pond,"ACA annually stocks this pond with trout, typically before the May long weekend. | Amenities notes: no open fires; foot access only."
6671,wb6671,Nose Creek Pond,"This pond is located in Airdrie. ACA annually stocks this pond with trout, typically before the May long weekend. | Amenities notes: no open fires; foot access only."
6674,wb6674,Telegraph Park Pond,"ACA annually stocks this pond with trout, typically before the May long weekend."
6677,wb6677,Tim Horton Children's Pond,No description available.
6682,wb6682,Stirling Children's Pond,"ACA annually stocks this pond with trout, typically before the May long weekend. | Amenities notes: no open fires; foot access only."
6684,wb6684,Stoney Lake,This campground is user maintained campground bordering the shores of Montagneuse Lake. | Amenities notes: firepits
6686,wb6686,Strathmore Children's Pond,"ACA annually stocks this pond with trout, typically before the May long weekend. | Amenities notes: no open fires; foot access only."
6688,wb6688,Shuster Lake,This lake is stocked annually by EPA with trout.
6692,wb6692,Spring Coulee Park Pond,This park has camping on site with the basic camping amenities. The site is well taken care of. | Amenities notes: garbage receptacles
6693,wb6693,Spring Lake,Spring Lake is a fairly small lake stocked with rainbow trout. No gas powered motors are permitted on the lake.
6695,wb6695,Sardine Lake,Sardine Lake is stocked with rainbow trout but perch can also be caught here.
6697,wb6697,Severn Creek Reservoir,This is a county owned camp site Camping is allowed for 14 days at a time. There are no hook ups and firewood for sale. | Amenities notes: trash cans
6699,wb6699,Shemeluk Lake,This calm clearwater lake offers some of the best rainbow trout fishing in the area.
6702,wb6702,Rat Lake,This lake is stocked with brook and tiger trout. It is a very shallow lake and some years can be affected by winter kill.
6705,wb6705,Rainbow Lake Pond,This lake is a great place to spend the day and fish. | Amenities notes: no open fires; foot access only.
6706,wb6706,Pleasure Island Reservoir,"ACA annually stocks this pond with trout, typically before the May long weekend. | Amenities notes: no open fires; foot access only."
6714,wb6714,Oyen Reservoir,"ACA annually stocks this pond with trout, typically before the May long weekend. | Amenities notes: no open fires; foot access only."
6718,wb6718,Tees Fish Pond,"ACA annually stocks this pond with trout, typically before the May long weekend. | Amenities notes: no open fires; foot access only."
6721,wb6721,MD Peace Pond #1,The Peace Ponds are a great for fly fishing.
6724,wb6724,Nuggent Pond,"ACA annually stocks this pond with trout, typically before the May long weekend. Mobility-impaired access improvements were made that include a wheelchair-friendly asphalt path, casting platform and outhouse. | Amenities notes: no open fires; foot access only."
6726,wb6726,Open Creek Reservoir,Electric motors only. No horses or off-road vehicles allowed in Open Creek Dam Campground.
6730,wb6730,Muskoseepi Pond,Muskoseepi Park Pond is located right beside the Muskoseepi Park Pavilion. This pond is used for skating during the winter season. | Amenities notes: Interactive programs; information; amphitheatre.
6732,wb6732,Nardam Lake,"There are 16 full-service RV parking spots, 4 with 30 amp, and 12 with 15 amp power, and 3 tenting spots, Wi-Fi, bathroom facilities, RV dumping station for site renters, gazebo shelter for gatherings, and firewood available for visitors. | Amenities notes: full hookup; recreation hall"
6734,wb6734,Nicholas Sheran Park Pond,"Nicholas Sheran Park is the premier west side park featuring a man-made lake, pathway system, large open spaces, disk golf, a large playground, fitness equipment, and a large picnic shelter. Ice fishing is accessible in the winter."
6735,wb6735,Ray's Pond,"ACA annually stocks this pond with trout, typically before the May long weekend. | Amenities notes: no open fires; foot access only."
6736,wb6736,Morinville Fish and Game Pond,"There is a fishing platform, and a walking path around the pond. | Amenities notes: park benches."
6737,wb6737,Mound Red Reservoir,"ACA stocks this pond annually with trout, typically before the May long weekend. | Amenities notes: no open fires; foot access only."
6741,wb6741,Midway Reservoir,"ACA annually stocks this pond with trout, typically before the May long weekend."
6746,wb6746,Mirror Reservoir,"ACA annually stocks this pond with trout, typically before the May long weekend. | Amenities notes: no open fires; foot access only."
6750,wb6750,Machesis Lake,"Campsite basics include fire pits, firewood, picnic tables and pit/vault toilets; also a picnic shelter, fish cleaning stand and sewage disposal station. There is a boat launch and a dock for fishing."
6753,wb6753,Mcclennan Reservoir,"The campground is open May 1st to September 30th, but fishing is accessible all year around. Check you local regulations before you go! | Amenities notes: Power sites"
6755,wb6755,McLaren's Reservoir,"The McLaren Dam Recreation Area features 27 sites (15 with power), outhouse toilets, fire pits, free firewood, drinking water, a camp kitchen, and access to fishing for stocked trout. | Amenities notes: McLaren Dam Recreation Area features 27 sites (15 with power)"
6757,wb6757,McQuillan Reservoir,"ACA annually stocks this pond with trout, typically before the May long weekend. | Amenities notes: no open fires; foot access only."
6758,wb6758,McVinnie Reservoir,"ACA annually stocks this pond with trout, typically before the May long weekend."
6760,wb6760,Lloydminster Pond,"The pond is located approximately 3 miles West of Lloydminster on Highway 16, on the North side of the highway. Check your local regulations before you go!"
6761,wb6761,Lougheed Trout Pond,"The Lougheed Trout Pond, located within the village limits."
6764,wb6764,Leduc Reservoir,"Leduc Reservoir borders Fred Johns Park. The park is connected to the Multiway Trail and offers a playground, ball diamonds, picnic area, and summer fishing for stocked trout. | Amenities notes: garbage receptacles."
6765,wb6765,Legal Reservoir,"ACA stocks this pond annually with trout, typically before the May long weekend. | Amenities notes: no open fires; foot access only."
6767,wb6767,Little Beaverdam Lake,No description available.
6770,wb6770,Kerbe's Pond,It offers good sport fishing opportunities. This waterbody is part of the ACA's Lake Aeration Program. | Amenities notes: no open fires; foot access only.
6773,wb6773,Kraft Wimborne Pond,"ACA annually stocks this pond with trout, typically before the May long weekend. | Amenities notes: no open fires; foot access only."
6774,wb6774,Kramer Pond,"This small pond gets quite snowy in the winter. Ice fish in the early winter, as this pond has a tendency to winterkill."
6776,wb6776,Lacombe Park Pond,"A fenced dog park and trails wrap the lake, this park is a gathering place for those needing fresh air and outdoor fun that includes fishing for stocked trout. | Amenities notes: fenced dog park; change building"
6778,wb6778,Cecil Thompson Pond,"Cecil Thompson Park that features outdoor exercise equipment, an excellent fishing pond, a beautiful gazebo and a walking bridge. It is a perfect location to spend the day or spend the night at one of the 5 un-serviced lots, available first come, first serve basis at no charge."
6780,wb6780,Huber Reservoir,Huber Dam has 25 powered campsites as well as overflow and non-power campsites. There is a large group area for group camping with campfire pits and free firewood. Fishing and canoeing are also a fun choice and boats are easily launched at the boat launch. | Amenities notes: power sites available
6784,wb6784,Innisfree Trout Pond,"ACA annually stocks this pond with trout, typically before the May long weekend. | Amenities notes: no open fires; foot access ."
6785,wb6785,Irma Fish and Game Pond,"ACA annually stocks this pond with trout, typically before the May long weekend. | Amenities notes: no open fires; foot access only."
6786,wb6786,Ironside Pond,Foot access only with a primitive boat launch available. This pond is aerated October - April through the ACA Lake Aeration Program.
6788,wb6788,Jarvis Creek Pond,"The pond is accessed by a short trail off Cache Lake Campground access road. Cross country skiing, tobogganing and snowmobiling off site. A total of 12 sites that are first come first serve, open year round. The site locations are poorly signed. | Amenities notes: guided tours"
6790,wb6790,Heritage Lake,"ACA annually stocks this pond with trout, typically before the May long weekend. | Amenities notes: no open fires; foot access only."
6791,wb6791,Hermitage Park Pond,"ACA stocks this pond annually with trout, typically before the May long weekend. | Amenities notes: no open fires; foot access only."
6794,wb6794,Highway 40 Pond,"Grovedale Fish Pond includes 10-day use sites that have picnic tables and fire pits. There is garbage/recycle containment’s place throughout. Firewood is provided which is located inside the gate One handicap accessible outhouse facility, fish cleaning station, 2 fishing docks, as well as a large parking area."
6795,wb6795,Highway 686 Pond,"Quiet pond, snowshoes may be required to access pond in the winter season"
6796,wb6796,Hiller's Reservoir,"Lots of action at this lake, it is a very fun place to spend a day and fish. No overnight camping, this is a free day use area."
6803,wb6803,Helmer Reservoir,"Helmer Reservoir Campground located beside the reservoir. The campground has serviced sites, a beach and a day-use area This reservoir has a high risk of winter kill. Motorized boats are not permitted on Helmer Dam. | Amenities notes: fox waterbody park offers:; power sites"
6806,wb6806,Hansen's Reservoir,"The reservoir is aerated during winter and provides good sport fishing opportunities. It is stocked annually by ACA with trout, typically before the May long weekend. Site facilities include a parking area, outhouse, garbage bins and floating dock. | Amenities notes: no open fires; foot access only."
6808,wb6808,Harleck Pond,"Day use area with fishing, hiking and a picnic area."
6809,wb6809,Gooseberry Park Pond,"ACA annually stocks this pond with trout, typically before the May long weekend. | Amenities notes: no open fires; foot access only."
6810,wb6810,Granum Pond,"ACA annually stocks this pond with trout, typically before the May long weekend. | Amenities notes: no open fires; foot access only."
6813,,Forty Mile Coulee Reservoir,"Spend your day fishing, hanging on the beach and boating."
6815,wb6815,Fox Creek Trout Pond,"The local pond offers everyone the opportunity to enjoy the scenery, swim and fish. The fishing dock was recently upgraded and the site restored to its natural beauty."
6816,wb6816,Gibbons Pond,"This pond is in Gibbons, just off Landing Trail Landing Trail. ACA annually stocks this pond with trout, typically before the May long weekend. | Amenities notes: no open fires; foot access only."
6818,wb6818,Goldspring Park Pond,"Located 10 km north of the Canada/US border this beautiful, well cared for campground has 70 sites, most with power, and other amazing amenities to make your fishing experience memorable."
6820,wb6820,Elk Creek Pond,Elk Creek Pond is a day use and picnic area. It is well manicured and is an ideal place for an adventure.
6821,wb6821,Emerald Lake,No description available.
6822,wb6822,Emerson Lake,No description available.
6823,wb6823,Enchant Pond,"This site is directly south of Enchant in Enchant Park. ACA annually stocks this pond with trout, typically before the May long weekend."
6825,wb6825,Fairview College Pond,The college has a small pond that is stocked with rainbows every spring. | Amenities notes: The waterbody is at Fairview college
6827,wb6827,Figure Eight Lake,"This lakeside campground is at Figure Eight Lake Provincial Recreation Area and can accommodate both RVs and tents. There are lots of activities, including hiking, canoeing, wind surfing, boating, fishing, and bird watching OHV trails can be accessed nearby."
6830,wb6830,Footner Pond,This pond is also known as Pierre's Pond.
6831,wb6831,Foremost Reservoir,"ACA annually stocks this pond with trout, typically before the May long weekend. | Amenities notes: foot access; no open fires."
6833,wb6833,Diplomat Mine Pond,The trout pond is home to many wildlife and plant species and can be seen from the nature trail or lakeside gazebo.
6836,wb6836,Dormer Lake,The trail includes multiple river crossings and is well-marked with directional signage. The round trip from the staging area to the lake typically requires 6–7 hours. Dormer Lake was not stocked in 2025.
6840,wb6840,East Pit Lake,Designated a day-use area. There is a small 20 car parking lot is the entrance to a footpath that leads to the lake. No power boats are allowed; canoes and inflatables must be carried and hand-launched.
6842,wb6842,Echo Dale Regional Park Pond,Claim your favorite fishing spot around the lake or set up for a family picnic. | Amenities notes: walk paths
6844,wb6844,Dickson Trout Pond,"There are 18 campsites at Dickson Camping area, adjacent to the trout pond. Please note that amenities in the campsites are very limited. These are un-serviced sites with no potable water."
6845,wb6845,Coronation Reservoir,"The campground is located along the Coronation Dam with 50 fully and partially serviced sites, five with power and water. The Coronation Dam is home year-round fishing There is a boat launch for small fishing boats."
6846,wb6846,Cottonwood Lake,"Cottonwood Campground is in Oldman Dam Provincial Recreation Area. Sites are suitable for RVs and tents, with un-serviced and powered options. Water is quite low in the winter months, and is not suitable for winter ice fishing. | Amenities notes: firepits"
6850,wb6850,Cummings Lake,"There is 1 km of paved walk trails that connect to the gold course, there are lots of amenities at this pond. Enjoy the day of fishing for trout and hanging out at the day use group area. | Amenities notes: electrical hookups"
6852,wb6852,Daysland Pond,"This pond is in Daysland and borders the golf course. The pond ACA annually stocks this pond with trout, typically before the May long weekend. | Amenities notes: no open fire; foot access only."
6853,wb6853,Dewitt's Pond,"ACA annually stocks this pond with trout, typically before the May long weekend. There are invasive Prussian Carp at this waterbody, if you catch one please do not return it to the waterbody. | Amenities notes: Foot access only; no open fires"
6858,wb6858,Coleman Fish and Game Pond,EPA stocks this pond annually with trout and it is aerated in winter through ACA’s Lake Aeration Program.
6859,,Corner Lake,"Corner Lake, located on the southeast corner of Raymond beside Perrett Park Campground, is a newly stocked fishing site featuring rainbow trout. Anglers are encouraged to report any catches of large pike (greater than 20 cm) to the town for record-keeping purposes. This initiative supports local fisheries management and monitoring efforts, ensuring sustainable recreational fishing opportunities for residents and visitors."
6860,wb6860,Chrystina Lake,"Chrystina (Windy) Lake Campground is found in Chrystina Lake Provincial Recreation Area. Explore the shoreline in your canoe, fish for trout, or access the OHV/snowmobile trail system in the winter months."
6861,wb6861,Cipperley's Reservoir,"Cipperley’s Reservoir is a popular fishing destination in Alberta, offering anglers a variety of opportunities. The Alberta Conservation Association (ACA) stocks the reservoir annually with trout, typically before the May long weekend. To reach the reservoir, travel south on Highway 2A, then west on Range Road 322, and finally south on Range Road 15. Access to the lake is available on the east side of the reservoir."
6868,wb6868,Cardiff Park Pond,"Cardiff Park is a day-use park with single-family and group picnic sites, picnic shelters, stand-up BBQs and fire pits. Cardiff Lake is situated within the park, and is a local fishing hole for trout."
6871,wb6871,Ponoka Centennial Park Pond,"Lions Centennial Park lies along the northwest side of Highway 2A, the major local thoroughfare, as it passes through town A long narrow park of several acres in size. | Amenities notes: no open fires; foot access only."
6873,wb6873,Brooks Aqueduct Pond,"Brooks Aqueduct, also known as Aqueduct Marshes, offers trout fishing in its pond and includes a boat launch for easy water access. While the site lacks additional amenities, it features a mowed walking path that leads east of the pond, providing excellent opportunities for birdwatching and viewing numerous species. The pond itself is shallow and weedy but remains accessible by boat, making it a suitable destination for anglers and nature enthusiasts seeking a quiet, scenic experience."
6876,wb6876,Bud Miller Park Pond,"The fishing pond is located within Bud Miller All Seasons Park and is accessible via 59 Avenue. Both locals and visitors enjoy trout fishing at this popular spot. The Alberta Conservation Association (ACA) typically stocks the pond before the May long weekend, ensuring great fishing opportunities throughout the season. The park is designed to be highly accessible, featuring paved paths and facilities that cater to visitors of all mobility levels. | Amenities notes: lawn bowling"
6878,wb6878,Bullshead Creek Reservoir,No description available.
6879,wb6879,Burmis Lake,There is no boat launch but canoes can be carried easily from the parking area. This little lake might be just right for young families. | Amenities notes: garbage receptacles.
6880,wb6880,Burn's Reservoir,This lake is operated and maintained by the Royal Canadian Legion Branch #43. Fishing is restricted to senior citizens 65+ and the handicapped. | Amenities notes: benches
6882,wb6882,Bow City East Ponds,"Bow City East pond is annually stocked with trout by the Alberta Conservation Association (ACA), typically prior to the May long weekend."
6884,wb6884,Boyle Pond,"This 10-acre pond with a camp kitchen, picnic area and ample parking. It is stocked annually by ACA with trout, typically before the May long weekend. | Amenities notes: fires in designated pits only."
6890,wb6890,Slawuta Lake,"Located within the town of Bonnyville, this community pond provides convenient access for recreational fishing. The Alberta Conservation Association (ACA) stocks the pond annually with trout, typically prior to the May long weekend, ensuring excellent angling opportunities for both residents and visitors throughout the season."
6892,wb6892,Bathing Lake,"Bathing Lake is located within Castle Provincial Park and Castle Wildland Provincial Park, nestled in the foothills of the Rocky Mountains. Its remote and scenic setting offers visitors a peaceful retreat surrounded by natural beauty, making it an ideal destination for outdoor recreation and relaxation."
6893,wb6893,Beaumont Pond,"This small, local pond offers a quiet setting for recreational fishing, with the possibility of catching perch and stocked trout. Its accessible location and peaceful atmosphere make it a great spot for anglers of all experience levels."
6894,wb6894,Bellis Beach Lake,"Bellis Beach Lake offers a serene and inviting atmosphere, making it an excellent destination for a relaxing day outdoors. The site features a small sandy beach and a modern playground, providing an ideal setting for families with children to enjoy both leisure and recreation."
6897,wb6897,Big Iron Lake,"This picturesque lake provides an ideal setting for a fishing adventure. Surrounded by natural beauty, it offers a peaceful and scenic environment for anglers of all skill levels to enjoy a relaxing day on the water. | Amenities notes: no open fires; foot access only."
6900,wb6900,Acadia Valley Reservoir,"Acadia Valley offers a family-friendly summer camping experience, featuring a group cooking shelter, vault toilets, and recreational fishing opportunities. Please note that gas-powered motors are prohibited on the waterbody to preserve the area's natural environment and ensure a peaceful setting for all visitors."
6902,wb6902,Allison Lake,"Allison Lake is one of the most popular camping destinations in the Crowsnest Pass region. The area features an extensive network of trails and a spacious day-use area, making it ideal for both recreation and relaxation. Campers have the option to set up near the lakeshore or choose secluded sites nestled within the forest for a more immersive natural experience."
6903,wb6903,Ashland Reservoir,"Ashland features 21 campsites, all of which are suitable for RVs. Visitors are encouraged to explore the nearby waterbody, which offers excellent opportunities for trout fishing and a peaceful outdoor experience."
6904,wb6904,Atlantic Richfield Reservoir,"The reservoir offers a peaceful setting for a day of fishing or relaxation. Anglers can try their luck fishing for stocked trout, while visitors looking to unwind can enjoy the surrounding natural beauty with a picnic by the water."
6905,wb6905,Bashaw Pond,The pond is stocked with rainbow trout every spring. This particular pond is included under the Enhanced Fish Stocking Program which is run and coordinated by the Alberta Conservation Association. | Amenities notes: no open fires; foot access only.
6910,wb6910,Pine Point Borrow Pit,The Pines Campground is located near the pond. | Amenities notes: no open fires; foot access only.
6914,wb6914,Nordegg Borrow Pit (East),"This is an old strip-mine that was flooded, where fishing and swimming are popular."
6915,wb6915,Nordegg Borrow Pit (West),"This is an old strip-mine that was flooded, where fishing and swimming are popular."
6917,wb6917,Hinton Borrow Pit,Hinton Fish and Game Pond is located off highway 40. There is a small parking area and no amenities. It is a nice pond to bring the grandkids out for the day.
6921,wb6921,Brazeau Borrow Pit #1,"Visitors to Brazeau Reservoir can enjoy a wide range of recreational activities, including fishing, powerboating, canoeing, and birdwatching. While Off-Highway Vehicle (OHV) trails are available nearby, OHV use is strictly prohibited within the campground to ensure a safe and peaceful environment. The reservoir is located approximately 50 minutes west of Drayton Valley, adjacent to Brazeau Reservoir Provincial Recreation Area. Fishing access is available at the West Canal Campground, providing convenient opportunities for anglers to enjoy this scenic destination."
6922,wb6922,Brazeau Borrow Pit #2,"Visitors to Brazeau Reservoir can enjoy a wide range of recreational activities, including fishing, powerboating, canoeing, and birdwatching. While Off-Highway Vehicle (OHV) trails are available nearby, OHV use is strictly prohibited within the campground to ensure a safe and peaceful environment. The reservoir is located approximately 50 minutes west of Drayton Valley, adjacent to Brazeau Reservoir Provincial Recreation Area."
6923,wb6923,Black Nugget Mine Pit,"This well-appointed campground offers 21 sites suitable for both RVs and tents, with the option to gather with friends at one of the designated group sites. Most campsites are well-treed, providing privacy and shade, while several are located along a long, winding lake, offering scenic waterfront views. At the campground entrance, visitors will find a concession building equipped with flush toilets, showers, and firewood. A variety of concession items are also available for purchase, adding convenience to your stay."
17894,wb17894,Anderson Dam,"Anderson Dam is a popular destination for a relaxing afternoon of fishing and nature enjoyment. The pond is annually stocked with trout by the Alberta Conservation Association (ACA), enhancing angling opportunities for visitors. The shoreline is lined with willows and Saskatoon shrubs, which offer seasonal berry picking for those exploring the area. | Amenities notes: no open fires; foot access only."
18007,wb18007,Pine Coulee Reservoir,This waterbody has been recently designated as a quality fishery and stocked with rainbow trout.
18014,,South Heart Reservoir,"This little riverside campground is in Heart River Provincial Recreation Area, 20 km north of High Prairie on Hwy. 749, 8 km west on Hwy. 679 and 12 km north on an access road. Here you can go canoeing or boating from a hand launch. Fish in the many small bays and coves, or explore the adjacent Winagami Wildland Provincial Park, as well as Winagami Lake Provincial Park located about 18 km to the south and east. | Amenities notes: Firepits; handlauch"
18019,wb18019,Wetaskiwin Pond,"This pond is on the north east side of Wetaskiwin. ACA stocks this pond annually with trout, typically before the May long weekend. | Amenities notes: garbage receptacles"
18020,wb18020,Oyen Pond,"ACA annually stocks this pond with trout, typically before the May long weekend. | Amenities notes: no open fires; foot access only."
18022,wb18022,Castor Eastside Trout Pond,"The fish pond is located on the south side of Highway 12, just before entering the Town of Castor. It is stocked annually with trout, providing anglers with a reliable fishing opportunity throughout the season."
18997,wb18997,Odlum Lake,"Odlum Pond Trail is a 220 kilometer moderately trafficked out back trail located near Kananaskis Improvement, that features beautiful wild flowers and is rated as difficult. The trail offers a number of activity options and is best used from March until October Dogs are also able to use this trail but must be kept on leash."
19525,wb19525,Mayan Lake,This lake can only be accessed by ATV or by hiking.
19760,wb19760,Alexander Hamilton Pond,"The park contains a picnic shelter and a pond stocked with trout for fishing . The park has also been designated as an off-leash area for dogs, so park users and their four-legged companions can have fun for the day. | Amenities notes: This waterbody is located in Lac La Biche"
20258,wb20258,Castaway Trout Pond,"Castaway Trout Pond, located near Viking southeast of Edmonton, is an excellent destination for both beginners and experienced anglers to enjoy fishing. The Alberta Conservation Association (ACA) typically stocks this water body before the May long weekend, ensuring great opportunities for anglers throughout the season."
20267,wb20267,La Crete Pond,This pond may be subject to winterkill.
21137,wb21137,Whitecourt Town Pond,"Grab your fishing rod and tackle, and take your family fishing at Rotary Park. Fishing is limited to people under the age of 16 years, or those accompanied by one or more people under the age of 16 years. | Amenities notes: sports fields; off-leash dog park; river slide attraction"
21332,wb21332,Camp 9 Trout Pond,"The pond is located in a remote area and can be difficult to access due to a rough road. Fish are stocked in the upper section of the pond, and aeration is provided by a windmill system to maintain water quality. Nearby campsites are available on a first-come, first-served basis, offering a convenient option for visitors who wish to stay close to the pond."
21353,wb21353,Ardmore Community Pond,"Ardmore Pond is a quiet small pond on the north side of the community of Ardmore, this small, but peaceful pond is perfect for a lazy day of shore fishing."
22504,wb22504,Riverstone Pond,Riverstone pond located in William Pearce Park.
22993,wb22993,East Stormwater Pond,"ACA stocks this pond annually with trout, typically before the May long weekend. | Amenities notes: no open fires; foot access only."
22995,wb22995,MD Peace Pond #2,The Peace Ponds are a great for fly fishing.
22996,wb22996,High Level Pond,No description available.
23094,,Fort Saskatchewan Fish & Game Pond,No description available.
23292,wb23292,Genesee Trout Pond,Genesee Heritage Park offers visitors a great spot to have a picnic or spend the day fishing in other fully-stocked fish pond.
23293,wb23293,Crossfield Trout Pond,This pond is located in the town. Both ponds are stocked with fish.
23327,,Twin Valley Reservoir,No description available.
23789,wb23789,Pit 24,This is a small re-claimed mine pond on Cole Valley Mine site. | Amenities notes: no open fires; foot access only.
23790,wb23790,Pit 35,This is a small re-claimed mine pond on Cole Valley Mine site. | Amenities notes: no open fires; foot access only.
23791,wb23791,Pit 45,This is a small re-claimed mine pond on Cole Valley Mine site. | Amenities notes: no open fires; foot access only.
24053,wb24053,Lara Fish Pond,This pond may winterkill.
24236,,Brazeau Canal,"Brazeau Canal is a small pond located along the Brazeau Canal, approximately 50 minutes west of Drayton Valley. The pond has been stocked with walleye fry, offering anglers a unique fishing opportunity in a scenic setting. Fishing access is available at the West Canal Campground, which also provides convenient amenities for visitors. In addition to fishing, the area offers a variety of recreational activities, including powerboating, canoeing, and birdwatching. While Off-Highway Vehicle (OHV) trails are available nearby, OHV use is strictly prohibited within the campground to maintain a safe and peaceful environment. The site is adjacent to Brazeau Reservoir Provincial Recreation Area, making it an excellent destination for outdoor enthusiasts."
24312,wb24312,Pit 44,This is a small re-claimed mine pond on Cole Valley Mine site. | Amenities notes: no open fires; foot access only.
24364,wb24364,Fiesta Lake,The lake is stocked annually by AEP with trout and is aerated (October - April) through ACA's Lake Aeration Program.
24702,wb24702,St. Paul Fish Pond,"The pond is flooded in the winter, where people can enjoy some outdoor skating. | Amenities notes: also amenities can be located within the town"
26033,wb26033,Blueridge Pit,Fishing enthusiasts will be intrigued to know that the south lake was stocked with trout and is now managed as a quality stocked trout fishery. | Amenities notes: bench
26047,wb26047,Radway Fish Pond,"This is an accessible fish pond, with a cook shack, benches, fire pits for the perfect day out fishing."
26322,wb26322,Len Thompson Pond,"The Len Thompson Fishing Pond in Lacombe, is a stocked retention pond that provides catch and release recreational fishing opportunities for local residents. Home of the worlds largest lure."
26431,wb26431,High Level Town Pond,"The pond is located in the town of High Level in the community park. There are baseball diamonds, a disc golf course and an off-leash dog park. Enjoy the day fishing at the day-use area. | Amenities notes: off leash dog park"
26447,wb26447,Kids Can Catch Pond,This is an urban community pond that can be fished by all ages. A fishing license is not required for anglers under the age of 16. | Amenities notes: Bow habitat station has amenities.
26729,wb26729,Kakut Pond,Kakut Lake is located in northern Alberta and offers a great camping experience. Fish the stocked pond for trout with the possibility of perch being caught. | Amenities notes: community hall.
26854,wb26854,Fort Lions Park Pond,This pond is in the south west corner of Fort Saskatchewan's West River's Edge Recreational Area and is maintained and managed by the city of Fort Saskatchewan. This pond is stocked with trout by ACA.
317177,,Goodwin Reservoir,No description available.
317719,,Magrath Childrens Pond,"This is a children's fishing pond, only youth 16 and under may fish the pond. | Amenities notes: no open fires; foot access only."
318138,wb318138,Taber Trout Pond,"Camp at the pond in one of the nine sites, and throw your line into the stocked pond."
328085,wb328085,Shell True North Pond,ACA annually stocks this 8-ha pond with trout. Permission is not required to access the pond for fishing. | Amenities notes: no open fires; foot access only.
395186,wb395186,Lodgepole Pond,This pond is north of the town of Lodgepole. This pond has lots of shore fishing opportunities and surrounded by trees.
395196,wb395196,Mitford Ponds,"ACA annually stocks these ponds with trout, typically before the May long weekend. | Amenities notes: no open fires; foot access only."
417476,wb417476,Keenex Trout Pond,No description available.
417477,wb417477,County Sportplex Pond,"There is currently paved vehicle access to within 100 m of the pond and a paved walking path around the pond's perimeter ACA annually stocks this pond with trout, typically before the May long weekend. | Amenities notes: no open fires; foot access only."
417505,,Elk Point Pond,Day use area. Come and try your luck catching one of the stocked trout.
417506,,Boulder Lake,"This newly stocked pond near Red Deer is managed by the Alberta Conservation Association (ACA) and offers convenient access for recreational users. While amenities are currently limited, site development is ongoing and improvements will be added over time. The pond provides a great opportunity for anglers to enjoy trout fishing in a peaceful setting."
